#
# There is insufficient memory for the Java Runtime Environment to continue.
# Native memory allocation (mmap) failed to map 1048576 bytes. Error detail: G1 virtual space
# Possible reasons:
#   The system is out of physical RAM or swap space
#   This process is running with CompressedOops enabled, and the Java Heap may be blocking the growth of the native heap
# Possible solutions:
#   Reduce memory load on the system
#   Increase physical memory or swap space
#   Check if swap backing store is full
#   Decrease Java heap size (-Xmx/-Xms)
#   Decrease number of Java threads
#   Decrease Java thread stack sizes (-Xss)
#   Set larger code cache with -XX:ReservedCodeCacheSize=
#   JVM is running with Unscaled Compressed Oops mode in which the Java heap is
#     placed in the first 4GB address space. The Java Heap base address is the
#     maximum limit for the native heap growth. Please use -XX:HeapBaseMinAddress
#     to set the Java Heap base and to place the Java Heap above 4GB virtual address.
# This output file may be truncated or incomplete.
#
#  Out of Memory Error (os_windows.cpp:3613), pid=15488, tid=11988
#
# JRE version: OpenJDK Runtime Environment Corretto-17.0.12.7.1 (17.0.12+7) (build 17.0.12+7-LTS)
# Java VM: OpenJDK 64-Bit Server VM Corretto-17.0.12.7.1 (17.0.12+7-LTS, mixed mode, emulated-client, sharing, tiered, compressed oops, compressed class ptrs, g1 gc, windows-amd64)
# No core dump will be written. Minidumps are not enabled by default on client versions of Windows
#

---------------  S U M M A R Y ------------

Command Line: -Dquarkus-internal.serialized-app-model.path=C:\Z_CP\BuildWorkingRef\ecom-backend\target\quarkus\bootstrap\dev-app-model.dat -javaagent:C:\Users\prath\.m2\repository\io\quarkus\quarkus-class-change-agent\3.28.5\quarkus-class-change-agent-3.28.5.jar -XX:TieredStopAtLevel=1 -agentlib:jdwp=transport=dt_socket,address=localhost:5005,server=y,suspend=n -Djava.util.logging.manager=org.jboss.logmanager.LogManager C:\Z_CP\BuildWorkingRef\ecom-backend\target\ecommerce-backend-dev.jar

Host: Intel(R) Core(TM) i5-8265U CPU @ 1.60GHz, 8 cores, 7G,  Windows 11 , 64 bit Build 26100 (10.0.26100.6725)
Time: Sun Oct 26 00:16:07 2025 India Standard Time elapsed time: 3010.030446 seconds (0d 0h 50m 10s)

---------------  T H R E A D  ---------------

Current thread (0x0000027fec4e3760):  JavaThread "executor-thread-6" daemon [_thread_in_vm, id=11988, stack(0x000000e926000000,0x000000e926100000)]

Stack: [0x000000e926000000,0x000000e926100000]
Native frames: (J=compiled Java code, j=interpreted, Vv=VM code, C=native code)
V  [jvm.dll+0x67f4f9]
V  [jvm.dll+0x836eaa]
V  [jvm.dll+0x83896e]
V  [jvm.dll+0x838fd3]
V  [jvm.dll+0x247f6f]
V  [jvm.dll+0x67c2b9]
V  [jvm.dll+0x670d7a]
V  [jvm.dll+0x307b5b]
V  [jvm.dll+0x30f046]
V  [jvm.dll+0x35ef0b]
V  [jvm.dll+0x35f554]
V  [jvm.dll+0x35f0f6]
V  [jvm.dll+0x2df0a4]
V  [jvm.dll+0x2db1b6]
V  [jvm.dll+0x611f63]
V  [jvm.dll+0x212255]
V  [jvm.dll+0x800b36]
V  [jvm.dll+0x189a6e]
C  0x0000027f935268f2

The last pc belongs to new_type_array Runtime1 stub (printed below).
Java frames: (J=compiled Java code, j=interpreted, Vv=VM code)
v  ~RuntimeStub::new_type_array Runtime1 stub
J 456 c1 jdk.internal.misc.Unsafe.allocateUninitializedArray0(Ljava/lang/Class;I)Ljava/lang/Object; java.base@17.0.12 (90 bytes) @ 0x0000027f9378a09f [0x0000027f93789980+0x000000000000071f]
J 393 c1 jdk.internal.misc.Unsafe.allocateUninitializedArray(Ljava/lang/Class;I)Ljava/lang/Object; java.base@17.0.12 (55 bytes) @ 0x0000027f93760f8c [0x0000027f93760f00+0x000000000000008c]
J 736 c1 java.lang.StringConcatHelper.simpleConcat(Ljava/lang/Object;Ljava/lang/Object;)Ljava/lang/String; java.base@17.0.12 (94 bytes) @ 0x0000027f937f373c [0x0000027f937f3560+0x00000000000001dc]
J 3723 c1 java.lang.invoke.DirectMethodHandle$Holder.invokeStatic(Ljava/lang/Object;Ljava/lang/Object;Ljava/lang/Object;)Ljava/lang/Object; java.base@17.0.12 (15 bytes) @ 0x0000027f93d2ceac [0x0000027f93d2ce40+0x000000000000006c]
J 6675 c1 java.lang.invoke.DelegatingMethodHandle$Holder.reinvoke_L(Ljava/lang/Object;Ljava/lang/Object;Ljava/lang/Object;)Ljava/lang/Object; java.base@17.0.12 (18 bytes) @ 0x0000027f942437ec [0x0000027f94243740+0x00000000000000ac]
J 1924 c1 java.lang.invoke.Invokers$Holder.linkToTargetMethod(Ljava/lang/Object;Ljava/lang/Object;Ljava/lang/Object;)Ljava/lang/Object; java.base@17.0.12 (10 bytes) @ 0x0000027f939c452c [0x0000027f939c44c0+0x000000000000006c]
j  org.hibernate.internal.util.EntityPrinter.toString(Ljava/lang/String;Ljava/lang/Object;)Ljava/lang/String;+231
j  org.hibernate.internal.util.EntityPrinter.logEntities(Ljava/lang/Iterable;)V+135
j  org.hibernate.event.internal.AbstractFlushingEventListener.logFlushResults(Lorg/hibernate/event/spi/FlushEvent;)V+173
j  org.hibernate.event.internal.AbstractFlushingEventListener.flushEverythingToExecutions(Lorg/hibernate/event/spi/FlushEvent;Lorg/hibernate/engine/spi/PersistenceContext;Lorg/hibernate/event/spi/EventSource;)V+59
j  org.hibernate.event.internal.AbstractFlushingEventListener.flushEverythingToExecutions(Lorg/hibernate/event/spi/FlushEvent;)V+32
j  org.hibernate.event.internal.DefaultFlushEventListener.onFlush(Lorg/hibernate/event/spi/FlushEvent;)V+60
j  org.hibernate.internal.SessionImpl$$Lambda$3217+0x0000027fa045b418.accept(Ljava/lang/Object;Ljava/lang/Object;)V+8
j  org.hibernate.event.service.internal.EventListenerGroupImpl.fireEventOnEachListener(Ljava/lang/Object;Ljava/util/function/BiConsumer;)V+25
j  org.hibernate.internal.SessionImpl.doFlush()V+51
j  org.hibernate.internal.SessionImpl.managedFlush()V+33
j  org.hibernate.internal.SessionImpl.flushBeforeTransactionCompletion()V+8
j  org.hibernate.internal.SessionImpl.beforeTransactionCompletion()V+12
j  org.hibernate.engine.jdbc.internal.JdbcCoordinatorImpl.beforeTransactionCompletion()V+22
j  org.hibernate.resource.transaction.backend.jta.internal.JtaTransactionCoordinatorImpl.beforeCompletion()V+15
j  org.hibernate.resource.transaction.backend.jta.internal.synchronization.SynchronizationCallbackCoordinatorNonTrackingImpl.beforeCompletion()V+26
j  org.hibernate.resource.transaction.backend.jta.internal.synchronization.RegisteredSynchronization.beforeCompletion()V+14
j  com.arjuna.ats.internal.jta.resources.arjunacore.SynchronizationImple.beforeCompletion()Z+55
j  com.arjuna.ats.arjuna.coordinator.TwoPhaseCoordinator.beforeCompletion()Z+152
j  com.arjuna.ats.arjuna.coordinator.TwoPhaseCoordinator.end(Z)I+33
j  com.arjuna.ats.arjuna.AtomicAction.commit(Z)I+2
j  com.arjuna.ats.internal.jta.transaction.arjunacore.TransactionImple.commitAndDisassociate()V+134
j  com.arjuna.ats.internal.jta.transaction.arjunacore.BaseTransaction.commit()V+47
j  io.quarkus.narayana.jta.runtime.NotifyingTransactionManager.commit()V+14
j  io.quarkus.narayana.jta.runtime.interceptor.TransactionalInterceptorBase.endTransaction(Ljakarta/transaction/TransactionManager;Ljakarta/transaction/Transaction;Lio/quarkus/narayana/jta/runtime/interceptor/RunnableWithException;)V+46
j  io.quarkus.narayana.jta.runtime.interceptor.TransactionalInterceptorBase.invokeInOurTx(Ljakarta/interceptor/InvocationContext;Ljakarta/transaction/TransactionManager;Lio/quarkus/narayana/jta/runtime/interceptor/RunnableWithException;)Ljava/lang/Object;+305
j  io.quarkus.narayana.jta.runtime.interceptor.TransactionalInterceptorBase.invokeInOurTx(Ljakarta/interceptor/InvocationContext;Ljakarta/transaction/TransactionManager;)Ljava/lang/Object;+8
j  io.quarkus.narayana.jta.runtime.interceptor.TransactionalInterceptorRequired.doIntercept(Ljakarta/transaction/TransactionManager;Ljakarta/transaction/Transaction;Ljakarta/interceptor/InvocationContext;)Ljava/lang/Object;+7
j  io.quarkus.narayana.jta.runtime.interceptor.TransactionalInterceptorBase.intercept(Ljakarta/interceptor/InvocationContext;)Ljava/lang/Object;+26
j  io.quarkus.narayana.jta.runtime.interceptor.TransactionalInterceptorRequired.intercept(Ljakarta/interceptor/InvocationContext;)Ljava/lang/Object;+18
j  io.quarkus.narayana.jta.runtime.interceptor.TransactionalInterceptorRequired_Bean.intercept(Ljakarta/enterprise/inject/spi/InterceptionType;Ljava/lang/Object;Ljakarta/interceptor/InvocationContext;)Ljava/lang/Object;+18
J 20196 c1 io.quarkus.arc.impl.AroundInvokeInvocationContext.perform(Ljava/lang/Object;[Ljava/lang/Object;Lio/quarkus/arc/impl/InterceptedMethodMetadata;)Ljava/lang/Object; (60 bytes) @ 0x0000027f95a5ea7c [0x0000027f95a5e6e0+0x000000000000039c]
J 20195 c1 io.quarkus.arc.impl.InvocationContexts.performAroundInvoke(Ljava/lang/Object;[Ljava/lang/Object;Lio/quarkus/arc/impl/InterceptedMethodMetadata;)Ljava/lang/Object; (7 bytes) @ 0x0000027f95a5c254 [0x0000027f95a5c220+0x0000000000000034]
j  org.prathame.malavi.service.ProductService_Subclass.getAllProducts(ILjava/lang/String;)Ljava/util/List;+43
j  org.prathame.malavi.service.ProductService_ClientProxy.getAllProducts(ILjava/lang/String;)Ljava/util/List;+23
j  org.prathame.malavi.controller.ProductController.getAllProducts(ILjava/lang/String;)Ljava/util/List;+6
v  ~StubRoutines::call_stub
J 6167  jdk.internal.reflect.NativeMethodAccessorImpl.invoke0(Ljava/lang/reflect/Method;Ljava/lang/Object;[Ljava/lang/Object;)Ljava/lang/Object; java.base@17.0.12 (0 bytes) @ 0x0000027f9417aa27 [0x0000027f9417a9a0+0x0000000000000087]
J 6166 c1 jdk.internal.reflect.NativeMethodAccessorImpl.invoke(Ljava/lang/Object;[Ljava/lang/Object;)Ljava/lang/Object; java.base@17.0.12 (137 bytes) @ 0x0000027f9417b1fc [0x0000027f9417af00+0x00000000000002fc]
J 924 c1 jdk.internal.reflect.DelegatingMethodAccessorImpl.invoke(Ljava/lang/Object;[Ljava/lang/Object;)Ljava/lang/Object; java.base@17.0.12 (10 bytes) @ 0x0000027f9384347c [0x0000027f93843420+0x000000000000005c]
J 923 c1 java.lang.reflect.Method.invoke(Ljava/lang/Object;[Ljava/lang/Object;)Ljava/lang/Object; java.base@17.0.12 (65 bytes) @ 0x0000027f93843884 [0x0000027f93843760+0x0000000000000124]
j  org.jboss.resteasy.core.MethodInjectorImpl.invoke(Lorg/jboss/resteasy/spi/HttpRequest;Lorg/jboss/resteasy/spi/HttpResponse;Ljava/lang/Object;[Ljava/lang/Object;)Ljava/lang/Object;+90
j  org.jboss.resteasy.core.MethodInjectorImpl.invoke(Lorg/jboss/resteasy/spi/HttpRequest;Lorg/jboss/resteasy/spi/HttpResponse;Ljava/lang/Object;)Ljava/lang/Object;+30
j  org.jboss.resteasy.core.ResourceMethodInvoker.internalInvokeOnTarget(Lorg/jboss/resteasy/spi/HttpRequest;Lorg/jboss/resteasy/spi/HttpResponse;Ljava/lang/Object;)Ljava/lang/Object;+18
j  org.jboss.resteasy.core.ResourceMethodInvoker.invokeOnTargetAfterFilter(Lorg/jboss/resteasy/spi/HttpRequest;Lorg/jboss/resteasy/spi/HttpResponse;Ljava/lang/Object;)Lorg/jboss/resteasy/specimpl/BuiltResponse;+118
j  org.jboss.resteasy.core.ResourceMethodInvoker.lambda$invokeOnTarget$2(Lorg/jboss/resteasy/spi/HttpRequest;Lorg/jboss/resteasy/spi/HttpResponse;Ljava/lang/Object;)Lorg/jboss/resteasy/specimpl/BuiltResponse;+4
j  org.jboss.resteasy.core.ResourceMethodInvoker$$Lambda$3112+0x0000027fa032e538.get()Ljava/lang/Object;+16
j  org.jboss.resteasy.core.interception.jaxrs.PreMatchContainerRequestContext.filter()Lorg/jboss/resteasy/specimpl/BuiltResponse;+334
j  org.jboss.resteasy.core.ResourceMethodInvoker.invokeOnTarget(Lorg/jboss/resteasy/spi/HttpRequest;Lorg/jboss/resteasy/spi/HttpResponse;Ljava/lang/Object;)Lorg/jboss/resteasy/specimpl/BuiltResponse;+90
j  org.jboss.resteasy.core.ResourceMethodInvoker.invoke(Lorg/jboss/resteasy/spi/HttpRequest;Lorg/jboss/resteasy/spi/HttpResponse;Ljava/lang/Object;)Lorg/jboss/resteasy/specimpl/BuiltResponse;+65
j  org.jboss.resteasy.core.ResourceMethodInvoker.invoke(Lorg/jboss/resteasy/spi/HttpRequest;Lorg/jboss/resteasy/spi/HttpResponse;)Lorg/jboss/resteasy/specimpl/BuiltResponse;+61
j  org.jboss.resteasy.core.ResourceMethodInvoker.invoke(Lorg/jboss/resteasy/spi/HttpRequest;Lorg/jboss/resteasy/spi/HttpResponse;)Ljakarta/ws/rs/core/Response;+3
j  org.jboss.resteasy.core.SynchronousDispatcher.invoke(Lorg/jboss/resteasy/spi/HttpRequest;Lorg/jboss/resteasy/spi/HttpResponse;Lorg/jboss/resteasy/spi/ResourceInvoker;)V+23
j  org.jboss.resteasy.core.SynchronousDispatcher.lambda$invokePropagateNotFound$6(Lorg/jboss/resteasy/spi/HttpRequest;Lorg/jboss/resteasy/spi/HttpResponse;)V+49
j  org.jboss.resteasy.core.SynchronousDispatcher$$Lambda$3108+0x0000027fa032aa68.run()V+12
j  org.jboss.resteasy.core.SynchronousDispatcher.lambda$preprocess$0(Ljava/lang/Runnable;)Lorg/jboss/resteasy/specimpl/BuiltResponse;+1
j  org.jboss.resteasy.core.SynchronousDispatcher$$Lambda$3110+0x0000027fa032ca40.get()Ljava/lang/Object;+4
j  org.jboss.resteasy.core.interception.jaxrs.PreMatchContainerRequestContext.filter()Lorg/jboss/resteasy/specimpl/BuiltResponse;+334
j  org.jboss.resteasy.core.SynchronousDispatcher.preprocess(Lorg/jboss/resteasy/spi/HttpRequest;Lorg/jboss/resteasy/spi/HttpResponse;Ljava/lang/Runnable;)V+173
j  org.jboss.resteasy.core.SynchronousDispatcher.invokePropagateNotFound(Lorg/jboss/resteasy/spi/HttpRequest;Lorg/jboss/resteasy/spi/HttpResponse;)V+17
j  io.quarkus.resteasy.runtime.standalone.RequestDispatcher.service(Lio/vertx/core/Context;Lio/vertx/core/http/HttpServerRequest;Lio/vertx/core/http/HttpServerResponse;Lorg/jboss/resteasy/spi/HttpRequest;Lorg/jboss/resteasy/spi/HttpResponse;ZLjava/lang/Throwable;)V+140
j  io.quarkus.resteasy.runtime.standalone.VertxRequestHandler.dispatch(Lio/vertx/ext/web/RoutingContext;Ljava/io/InputStream;Lio/quarkus/resteasy/runtime/standalone/VertxOutput;)V+358
j  io.quarkus.resteasy.runtime.standalone.VertxRequestHandler$1.run()V+28
j  io.quarkus.vertx.core.runtime.VertxCoreRecorder$15.runWith(Ljava/lang/Runnable;Ljava/lang/Object;)V+115
j  org.jboss.threads.EnhancedQueueExecutor$Task.doRunWith(Ljava/lang/Runnable;Ljava/lang/Object;)V+9
j  org.jboss.threads.EnhancedQueueExecutor$Task.run()V+61
j  org.jboss.threads.EnhancedQueueExecutor$ThreadBody.run()V+31
j  org.jboss.threads.DelegatingRunnable.run()V+4
j  org.jboss.threads.ThreadLocalResettingRunnable.run()V+1
j  io.netty.util.concurrent.FastThreadLocalRunnable.run()V+4
J 20555 c1 java.lang.Thread.run()V java.base@17.0.12 (17 bytes) @ 0x0000027f959562f4 [0x0000027f959562a0+0x0000000000000054]
v  ~StubRoutines::call_stub
--------------------------------------------------------------------------------
Decoding CodeBlob, name: new_type_array Runtime1 stub, at  [0x0000027f93526800, 0x0000027f93526a10]  528 bytes
[MachCode]
  0x0000027f93526800: 5548 8bec | 4881 ec80 | 0000 0048 | 8944 2478 | 4889 4c24 | 7048 8954 | 2468 4889 | 5c24 6048 
  0x0000027f93526820: 896c 2450 | 4889 7424 | 4848 897c | 2440 4c89 | 4424 384c | 894c 2430 | 4c89 5424 | 284c 895c 
  0x0000027f93526840: 2420 4c89 | 6424 184c | 896c 2410 | 4c89 7424 | 084c 893c | 2448 81ec | 1004 0000 | c5fb 1144 
  0x0000027f93526860: 2428 c5fb | 114c 2430 | c5fb 1154 | 2438 c5fb | 115c 2440 | c5fb 1164 | 2448 c5fb | 116c 2450 
  0x0000027f93526880: c5fb 1174 | 2458 c5fb | 117c 2460 | c57b 1144 | 2468 c57b | 114c 2470 | c57b 1154 | 2478 c57b 
  0x0000027f935268a0: 119c 2480 | 0000 00c5 | 7b11 a424 | 8800 0000 | c57b 11ac | 2490 0000 | 00c5 7b11 | b424 9800 
  0x0000027f935268c0: 0000 c57b | 11bc 24a0 | 0000 0048 | 8bd2 4c8b | c349 8bcf | c5f8 7749 | 89af a802 | 0000 4989 
  0x0000027f935268e0: a798 0200 | 0049 ba40 | 9a2a 33f9 | 7f00 0041 | ffd2 49c7 | 8798 0200 | 0000 0000 | 0049 c787 
  0x0000027f93526900: a802 0000 | 0000 0000 | 49c7 87a0 | 0200 0000 | 0000 00c5 | f877 4981 | 7f08 0000 | 0000 0f84 
  0x0000027f93526920: 1400 0000 | 498b 4708 | 49c7 87f0 | 0200 0000 | 0000 00e9 | e8e3 ffff | 498b 87f0 | 0200 0049 
  0x0000027f93526940: c787 f002 | 0000 0000 | 0000 c5fb | 1044 2428 | c5fb 104c | 2430 c5fb | 1054 2438 | c5fb 105c 
  0x0000027f93526960: 2440 c5fb | 1064 2448 | c5fb 106c | 2450 c5fb | 1074 2458 | c5fb 107c | 2460 c57b | 1044 2468 
  0x0000027f93526980: c57b 104c | 2470 c57b | 1054 2478 | c57b 109c | 2480 0000 | 00c5 7b10 | a424 8800 | 0000 c57b 
  0x0000027f935269a0: 10ac 2490 | 0000 00c5 | 7b10 b424 | 9800 0000 | c57b 10bc | 24a0 0000 | 0048 81c4 | 1004 0000 
  0x0000027f935269c0: 4c8b 3c24 | 4c8b 7424 | 084c 8b6c | 2410 4c8b | 6424 184c | 8b5c 2420 | 4c8b 5424 | 284c 8b4c 
  0x0000027f935269e0: 2430 4c8b | 4424 3848 | 8b7c 2440 | 488b 7424 | 4848 8b6c | 2450 488b | 5c24 6048 | 8b54 2468 
  0x0000027f93526a00: 488b 4c24 | 7048 81c4 | 8000 0000 | c9c3 6690 
[/MachCode]
--------------------------------------------------------------------------------


Compiled method (c1) 3011654  456       1       jdk.internal.misc.Unsafe::allocateUninitializedArray0 (90 bytes)
 total in heap  [0x0000027f93789790,0x0000027f9378a228] = 2712
 relocation     [0x0000027f937898e8,0x0000027f93789980] = 152
 main code      [0x0000027f93789980,0x0000027f9378a100] = 1920
 stub code      [0x0000027f9378a100,0x0000027f9378a138] = 56
 metadata       [0x0000027f9378a138,0x0000027f9378a140] = 8
 scopes data    [0x0000027f9378a140,0x0000027f9378a180] = 64
 scopes pcs     [0x0000027f9378a180,0x0000027f9378a220] = 160
 dependencies   [0x0000027f9378a220,0x0000027f9378a228] = 8

[Constant Pool (empty)]

[MachCode]
[Entry Point]
  # {method} {0x0000027f9e410ff0} 'allocateUninitializedArray0' '(Ljava/lang/Class;I)Ljava/lang/Object;' in 'jdk/internal/misc/Unsafe'
  # this:     rdx:rdx   = 'jdk/internal/misc/Unsafe'
  # parm0:    r8:r8     = 'java/lang/Class'
  # parm1:    r9        = int
  #           [sp+0x40]  (sp of caller)
  0x0000027f93789980: 448b 5208 | 49bb 0000 | 009e 7f02 | 0000 4d03 | d34c 3bd0 

  0x0000027f93789994: ;   {runtime_call ic_miss_stub}
  0x0000027f93789994: 0f85 e676 | ceff 660f | 1f44 0000 
[Verified Entry Point]
  0x0000027f937899a0: 8984 2400 | 90ff ff55 | 4883 ec30 

  0x0000027f937899ac: ;   {oop(a 'java/lang/Class'{0x00000000824ef6d8} = byte)}
  0x0000027f937899ac: 4c8b da48 | bbd8 f64e | 8200 0000 | 004c 3bc3 | 0f84 3a05 

  0x0000027f937899c0: ;   {oop(a 'java/lang/Class'{0x00000000824ef518} = boolean)}
  0x0000027f937899c0: 0000 48bb | 18f5 4e82 | 0000 0000 | 4c3b c30f | 847f 0400 

  0x0000027f937899d4: ;   {oop(a 'java/lang/Class'{0x00000000824ef748} = short)}
  0x0000027f937899d4: 0048 bb48 | f74e 8200 | 0000 004c | 3bc3 0f84 | c403 0000 

  0x0000027f937899e8: ;   {oop(a 'java/lang/Class'{0x00000000824ef588} = char)}
  0x0000027f937899e8: 48bb 88f5 | 4e82 0000 | 0000 4c3b | c30f 8409 

  0x0000027f937899f8: ;   {oop(a 'java/lang/Class'{0x00000000824ef7b8} = int)}
  0x0000027f937899f8: 0300 0048 | bbb8 f74e | 8200 0000 | 004c 3bc3 | 0f84 4e02 

  0x0000027f93789a0c: ;   {oop(a 'java/lang/Class'{0x00000000824ef5f8} = float)}
  0x0000027f93789a0c: 0000 48bb | f8f5 4e82 | 0000 0000 | 4c3b c30f | 8493 0100 

  0x0000027f93789a20: ;   {oop(a 'java/lang/Class'{0x00000000824ef828} = long)}
  0x0000027f93789a20: 0048 bb28 | f84e 8200 | 0000 004c | 3bc3 0f84 | d800 0000 

  0x0000027f93789a34: ;   {oop(a 'java/lang/Class'{0x00000000824ef668} = double)}
  0x0000027f93789a34: 48bb 68f6 | 4e82 0000 | 0000 4c3b | c30f 85a8 | 0000 0049 

  0x0000027f93789a48: ;   {metadata({type array double})}
  0x0000027f93789a48: 8bd9 48ba | 4865 009e | 7f02 0000 | 4863 db48 | 8bfb 4881 | fbff ffff | 000f 873d | 0500 0048 
  0x0000027f93789a68: be17 0000 | 0000 0000 | 0048 8d34 | de48 83e6 | f849 8b87 | 0801 0000 | 488d 3430 | 493b b718 
  0x0000027f93789a88: 0100 000f | 8713 0500 | 0049 89b7 | 0801 0000 | 482b f048 | c700 0100 | 0000 488b | ca49 ba00 
  0x0000027f93789aa8: 0000 9e7f | 0200 0049 | 2bca 8948 | 0889 580c | 4883 ee10 | 0f84 1a00 | 0000 4885 | f60f 8411 
  0x0000027f93789ac8: 0000 0048 | 33db 48c1 | ee03 4889 | 5cf0 0848 | ffce 75f6 | 4883 c430 

  0x0000027f93789ae0: ;   {poll_return}
  0x0000027f93789ae0: 5d49 3ba7 | 5003 0000 | 0f87 c004 

  0x0000027f93789aec: ;   {oop(NULL)}
  0x0000027f93789aec: 0000 c348 | b800 0000 | 0000 0000 | 0048 83c4 

  0x0000027f93789afc: ;   {poll_return}
  0x0000027f93789afc: 305d 493b | a750 0300 | 000f 87b9 | 0400 00c3 

  0x0000027f93789b0c: ;   {metadata({type array long})}
  0x0000027f93789b0c: 498b d948 | ba60 1100 | 9e7f 0200 | 0048 63db | 488b fb48 | 81fb ffff | ff00 0f87 | ae04 0000 
  0x0000027f93789b2c: 48be 1700 | 0000 0000 | 0000 488d | 34de 4883 | e6f8 498b | 8708 0100 | 0048 8d34 | 3049 3bb7 
  0x0000027f93789b4c: 1801 0000 | 0f87 8404 | 0000 4989 | b708 0100 | 0048 2bf0 | 48c7 0001 | 0000 0048 | 8bca 49ba 
  0x0000027f93789b6c: 0000 009e | 7f02 0000 | 492b ca89 | 4808 8958 | 0c48 83ee | 100f 841a | 0000 0048 | 85f6 0f84 
  0x0000027f93789b8c: 1100 0000 | 4833 db48 | c1ee 0348 | 895c f008 | 48ff ce75 | f648 83c4 

  0x0000027f93789ba4: ;   {poll_return}
  0x0000027f93789ba4: 305d 493b | a750 0300 | 000f 8731 | 0400 00c3 

  0x0000027f93789bb4: ;   {metadata({type array float})}
  0x0000027f93789bb4: 498b d948 | ba58 6300 | 9e7f 0200 | 0048 63db | 488b fb48 | 81fb ffff | ff00 0f87 | 2604 0000 
  0x0000027f93789bd4: 48be 1700 | 0000 0000 | 0000 488d | 349e 4883 | e6f8 498b | 8708 0100 | 0048 8d34 | 3049 3bb7 
  0x0000027f93789bf4: 1801 0000 | 0f87 fc03 | 0000 4989 | b708 0100 | 0048 2bf0 | 48c7 0001 | 0000 0048 | 8bca 49ba 
  0x0000027f93789c14: 0000 009e | 7f02 0000 | 492b ca89 | 4808 8958 | 0c48 83ee | 100f 841a | 0000 0048 | 85f6 0f84 
  0x0000027f93789c34: 1100 0000 | 4833 db48 | c1ee 0348 | 895c f008 | 48ff ce75 | f648 83c4 

  0x0000027f93789c4c: ;   {poll_return}
  0x0000027f93789c4c: 305d 493b | a750 0300 | 000f 87a9 | 0300 00c3 

  0x0000027f93789c5c: ;   {metadata({type array int})}
  0x0000027f93789c5c: 498b d948 | ba18 6b00 | 9e7f 0200 | 0048 63db | 488b fb48 | 81fb ffff | ff00 0f87 | 9e03 0000 
  0x0000027f93789c7c: 48be 1700 | 0000 0000 | 0000 488d | 349e 4883 | e6f8 498b | 8708 0100 | 0048 8d34 | 3049 3bb7 
  0x0000027f93789c9c: 1801 0000 | 0f87 7403 | 0000 4989 | b708 0100 | 0048 2bf0 | 48c7 0001 | 0000 0048 | 8bca 49ba 
  0x0000027f93789cbc: 0000 009e | 7f02 0000 | 492b ca89 | 4808 8958 | 0c48 83ee | 100f 841a | 0000 0048 | 85f6 0f84 
  0x0000027f93789cdc: 1100 0000 | 4833 db48 | c1ee 0348 | 895c f008 | 48ff ce75 | f648 83c4 

  0x0000027f93789cf4: ;   {poll_return}
  0x0000027f93789cf4: 305d 493b | a750 0300 | 000f 8721 | 0300 00c3 

  0x0000027f93789d04: ;   {metadata({type array char})}
  0x0000027f93789d04: 498b d948 | ba68 6100 | 9e7f 0200 | 0048 63db | 488b fb48 | 81fb ffff | ff00 0f87 | 1603 0000 
  0x0000027f93789d24: 48be 1700 | 0000 0000 | 0000 488d | 345e 4883 | e6f8 498b | 8708 0100 | 0048 8d34 | 3049 3bb7 
  0x0000027f93789d44: 1801 0000 | 0f87 ec02 | 0000 4989 | b708 0100 | 0048 2bf0 | 48c7 0001 | 0000 0048 | 8bca 49ba 
  0x0000027f93789d64: 0000 009e | 7f02 0000 | 492b ca89 | 4808 8958 | 0c48 83ee | 100f 841a | 0000 0048 | 85f6 0f84 
  0x0000027f93789d84: 1100 0000 | 4833 db48 | c1ee 0348 | 895c f008 | 48ff ce75 | f648 83c4 

  0x0000027f93789d9c: ;   {poll_return}
  0x0000027f93789d9c: 305d 493b | a750 0300 | 000f 8799 | 0200 00c3 

  0x0000027f93789dac: ;   {metadata({type array short})}
  0x0000027f93789dac: 498b d948 | ba28 6900 | 9e7f 0200 | 0048 63db | 488b fb48 | 81fb ffff | ff00 0f87 | 8e02 0000 
  0x0000027f93789dcc: 48be 1700 | 0000 0000 | 0000 488d | 345e 4883 | e6f8 498b | 8708 0100 | 0048 8d34 | 3049 3bb7 
  0x0000027f93789dec: 1801 0000 | 0f87 6402 | 0000 4989 | b708 0100 | 0048 2bf0 | 48c7 0001 | 0000 0048 | 8bca 49ba 
  0x0000027f93789e0c: 0000 009e | 7f02 0000 | 492b ca89 | 4808 8958 | 0c48 83ee | 100f 841a | 0000 0048 | 85f6 0f84 
  0x0000027f93789e2c: 1100 0000 | 4833 db48 | c1ee 0348 | 895c f008 | 48ff ce75 | f648 83c4 

  0x0000027f93789e44: ;   {poll_return}
  0x0000027f93789e44: 305d 493b | a750 0300 | 000f 8711 | 0200 00c3 

  0x0000027f93789e54: ;   {metadata({type array bool})}
  0x0000027f93789e54: 498b d948 | ba60 0900 | 9e7f 0200 | 0048 63db | 488b fb48 | 81fb ffff | ff00 0f87 | 0602 0000 
  0x0000027f93789e74: 48be 1700 | 0000 0000 | 0000 488d | 341e 4883 | e6f8 498b | 8708 0100 | 0048 8d34 | 3049 3bb7 
  0x0000027f93789e94: 1801 0000 | 0f87 dc01 | 0000 4989 | b708 0100 | 0048 2bf0 | 48c7 0001 | 0000 0048 | 8bca 49ba 
  0x0000027f93789eb4: 0000 009e | 7f02 0000 | 492b ca89 | 4808 8958 | 0c48 83ee | 100f 841a | 0000 0048 | 85f6 0f84 
  0x0000027f93789ed4: 1100 0000 | 4833 db48 | c1ee 0348 | 895c f008 | 48ff ce75 | f648 83c4 

  0x0000027f93789eec: ;   {poll_return}
  0x0000027f93789eec: 305d 493b | a750 0300 | 000f 8789 | 0100 00c3 

  0x0000027f93789efc: ;   {metadata({type array byte})}
  0x0000027f93789efc: 498b d948 | ba38 6700 | 9e7f 0200 | 0048 63db | 488b fb48 | 81fb ffff | ff00 0f87 | 7e01 0000 
  0x0000027f93789f1c: 48be 1700 | 0000 0000 | 0000 488d | 341e 4883 | e6f8 498b | 8708 0100 | 0048 8d34 | 3049 3bb7 
  0x0000027f93789f3c: 1801 0000 | 0f87 5401 | 0000 4989 | b708 0100 | 0048 2bf0 | 48c7 0001 | 0000 0048 | 8bca 49ba 
  0x0000027f93789f5c: 0000 009e | 7f02 0000 | 492b ca89 | 4808 8958 | 0c48 83ee | 100f 841a | 0000 0048 | 85f6 0f84 
  0x0000027f93789f7c: 1100 0000 | 4833 db48 | c1ee 0348 | 895c f008 | 48ff ce75 | f648 83c4 

  0x0000027f93789f94: ;   {poll_return}
  0x0000027f93789f94: 305d 493b | a750 0300 | 000f 8701 | 0100 00c3 

  0x0000027f93789fa4: ;   {runtime_call new_type_array Runtime1 stub}
  0x0000027f93789fa4: e857 c8d9 

  0x0000027f93789fa8: ; ImmutableOopMap {r11=Oop r8=Oop }
                      ;*newarray {reexecute=0 rethrow=0 return_oop=0}
                      ; - jdk.internal.misc.Unsafe::allocateUninitializedArray0@85 (line 1389)
  0x0000027f93789fa8: ffe9 2efb 

  0x0000027f93789fac: ;   {internal_word}
  0x0000027f93789fac: ffff 49ba | e19a 7893 | 7f02 0000 | 4d89 9768 

  0x0000027f93789fbc: ;   {runtime_call SafepointBlob}
  0x0000027f93789fbc: 0300 00e9 | 3cda ceff 

  0x0000027f93789fc4: ;   {internal_word}
  0x0000027f93789fc4: 49ba fe9a | 7893 7f02 | 0000 4d89 | 9768 0300 

  0x0000027f93789fd4: ;   {runtime_call SafepointBlob}
  0x0000027f93789fd4: 00e9 26da 

  0x0000027f93789fd8: ;   {runtime_call new_type_array Runtime1 stub}
  0x0000027f93789fd8: ceff e821 

  0x0000027f93789fdc: ; ImmutableOopMap {r11=Oop r8=Oop }
                      ;*newarray {reexecute=0 rethrow=0 return_oop=0}
                      ; - jdk.internal.misc.Unsafe::allocateUninitializedArray0@74 (line 1388)
  0x0000027f93789fdc: c8d9 ffe9 | bdfb ffff 

  0x0000027f93789fe4: ;   {internal_word}
  0x0000027f93789fe4: 49ba a69b | 7893 7f02 | 0000 4d89 | 9768 0300 

  0x0000027f93789ff4: ;   {runtime_call SafepointBlob}
  0x0000027f93789ff4: 00e9 06da 

  0x0000027f93789ff8: ;   {runtime_call new_type_array Runtime1 stub}
  0x0000027f93789ff8: ceff e801 

  0x0000027f93789ffc: ; ImmutableOopMap {r11=Oop r8=Oop }
                      ;*newarray {reexecute=0 rethrow=0 return_oop=0}
                      ; - jdk.internal.misc.Unsafe::allocateUninitializedArray0@63 (line 1387)
  0x0000027f93789ffc: c8d9 ffe9 | 45fc ffff 

  0x0000027f9378a004: ;   {internal_word}
  0x0000027f9378a004: 49ba 4e9c | 7893 7f02 | 0000 4d89 | 9768 0300 

  0x0000027f9378a014: ;   {runtime_call SafepointBlob}
  0x0000027f9378a014: 00e9 e6d9 

  0x0000027f9378a018: ;   {runtime_call new_type_array Runtime1 stub}
  0x0000027f9378a018: ceff e8e1 

  0x0000027f9378a01c: ; ImmutableOopMap {r11=Oop r8=Oop }
                      ;*newarray {reexecute=0 rethrow=0 return_oop=0}
                      ; - jdk.internal.misc.Unsafe::allocateUninitializedArray0@52 (line 1386)
  0x0000027f9378a01c: c7d9 ffe9 | cdfc ffff 

  0x0000027f9378a024: ;   {internal_word}
  0x0000027f9378a024: 49ba f69c | 7893 7f02 | 0000 4d89 | 9768 0300 

  0x0000027f9378a034: ;   {runtime_call SafepointBlob}
  0x0000027f9378a034: 00e9 c6d9 

  0x0000027f9378a038: ;   {runtime_call new_type_array Runtime1 stub}
  0x0000027f9378a038: ceff e8c1 

  0x0000027f9378a03c: ; ImmutableOopMap {r11=Oop r8=Oop }
                      ;*newarray {reexecute=0 rethrow=0 return_oop=0}
                      ; - jdk.internal.misc.Unsafe::allocateUninitializedArray0@41 (line 1385)
  0x0000027f9378a03c: c7d9 ffe9 | 55fd ffff 

  0x0000027f9378a044: ;   {internal_word}
  0x0000027f9378a044: 49ba 9e9d | 7893 7f02 | 0000 4d89 | 9768 0300 

  0x0000027f9378a054: ;   {runtime_call SafepointBlob}
  0x0000027f9378a054: 00e9 a6d9 

  0x0000027f9378a058: ;   {runtime_call new_type_array Runtime1 stub}
  0x0000027f9378a058: ceff e8a1 

  0x0000027f9378a05c: ; ImmutableOopMap {r11=Oop r8=Oop }
                      ;*newarray {reexecute=0 rethrow=0 return_oop=0}
                      ; - jdk.internal.misc.Unsafe::allocateUninitializedArray0@30 (line 1384)
  0x0000027f9378a05c: c7d9 ffe9 | ddfd ffff 

  0x0000027f9378a064: ;   {internal_word}
  0x0000027f9378a064: 49ba 469e | 7893 7f02 | 0000 4d89 | 9768 0300 

  0x0000027f9378a074: ;   {runtime_call SafepointBlob}
  0x0000027f9378a074: 00e9 86d9 

  0x0000027f9378a078: ;   {runtime_call new_type_array Runtime1 stub}
  0x0000027f9378a078: ceff e881 

  0x0000027f9378a07c: ; ImmutableOopMap {r11=Oop r8=Oop }
                      ;*newarray {reexecute=0 rethrow=0 return_oop=0}
                      ; - jdk.internal.misc.Unsafe::allocateUninitializedArray0@19 (line 1383)
  0x0000027f9378a07c: c7d9 ffe9 | 65fe ffff 

  0x0000027f9378a084: ;   {internal_word}
  0x0000027f9378a084: 49ba ee9e | 7893 7f02 | 0000 4d89 | 9768 0300 

  0x0000027f9378a094: ;   {runtime_call SafepointBlob}
  0x0000027f9378a094: 00e9 66d9 

  0x0000027f9378a098: ;   {runtime_call new_type_array Runtime1 stub}
  0x0000027f9378a098: ceff e861 

  0x0000027f9378a09c: ; ImmutableOopMap {r11=Oop r8=Oop }
                      ;*newarray {reexecute=0 rethrow=0 return_oop=0}
                      ; - jdk.internal.misc.Unsafe::allocateUninitializedArray0@8 (line 1382)
  0x0000027f9378a09c: c7d9 ffe9 | edfe ffff 

  0x0000027f9378a0a4: ;   {internal_word}
  0x0000027f9378a0a4: 49ba 969f | 7893 7f02 | 0000 4d89 | 9768 0300 

  0x0000027f9378a0b4: ;   {runtime_call SafepointBlob}
  0x0000027f9378a0b4: 00e9 46d9 | ceff 9090 | 498b 87e0 | 0300 0049 | c787 e003 | 0000 0000 | 0000 49c7 | 87e8 0300 
  0x0000027f9378a0d4: 0000 0000 | 0048 83c4 

  0x0000027f9378a0dc: ;   {runtime_call unwind_exception Runtime1 stub}
  0x0000027f9378a0dc: 305d e91d | a9d9 fff4 | f4f4 f4f4 | f4f4 f4f4 | f4f4 f4f4 | f4f4 f4f4 | f4f4 f4f4 | f4f4 f4f4 
  0x0000027f9378a0fc: f4f4 f4f4 
[Exception Handler]
  0x0000027f9378a100: ;   {no_reloc}
  0x0000027f9378a100: e8fb d5d9 

  0x0000027f9378a104: ;   {external_word}
  0x0000027f9378a104: ff48 b930 | caa4 33f9 | 7f00 0048 

  0x0000027f9378a110: ;   {runtime_call}
  0x0000027f9378a110: 83e4 f049 | ba40 486d | 33f9 7f00 | 0041 ffd2 

  0x0000027f9378a120: ;   {section_word}
  0x0000027f9378a120: f449 ba21 | a178 937f | 0200 0041 

  0x0000027f9378a12c: ;   {runtime_call DeoptimizationBlob}
  0x0000027f9378a12c: 52e9 6ecb | ceff f4f4 | f4f4 f4f4 
[/MachCode]


Compiled method (c1) 3011680  393       1       jdk.internal.misc.Unsafe::allocateUninitializedArray (55 bytes)
 total in heap  [0x0000027f93760d10,0x0000027f93761398] = 1672
 relocation     [0x0000027f93760e68,0x0000027f93760ee8] = 128
 main code      [0x0000027f93760f00,0x0000027f937611c0] = 704
 stub code      [0x0000027f937611c0,0x0000027f93761238] = 120
 metadata       [0x0000027f93761238,0x0000027f93761248] = 16
 scopes data    [0x0000027f93761248,0x0000027f937612b0] = 104
 scopes pcs     [0x0000027f937612b0,0x0000027f93761380] = 208
 dependencies   [0x0000027f93761380,0x0000027f93761388] = 8
 nul chk table  [0x0000027f93761388,0x0000027f93761398] = 16

[Constant Pool (empty)]

[MachCode]
[Entry Point]
  # {method} {0x0000027f9e4175b0} 'allocateUninitializedArray' '(Ljava/lang/Class;I)Ljava/lang/Object;' in 'jdk/internal/misc/Unsafe'
  # this:     rdx:rdx   = 'jdk/internal/misc/Unsafe'
  # parm0:    r8:r8     = 'java/lang/Class'
  # parm1:    r9        = int
  #           [sp+0x70]  (sp of caller)
  0x0000027f93760f00: 448b 5208 | 49bb 0000 | 009e 7f02 | 0000 4d03 | d34c 3bd0 

  0x0000027f93760f14: ;   {runtime_call ic_miss_stub}
  0x0000027f93760f14: 0f85 6601 | d1ff 660f | 1f44 0000 
[Verified Entry Point]
  0x0000027f93760f20: 8984 2400 | 90ff ff55 | 4883 ec60 | 4889 5424 | 204c 8944 | 2430 4489 | 4c24 2849 | 83f8 000f 
  0x0000027f93760f40: 846c 0100 | 0049 8b70 | 1048 83fe | 00be 0000 | 0000 0f85 | 0500 0000 | be01 0000 | 0083 fe00 
  0x0000027f93760f60: 0f84 c300 | 0000 4183 | f900 0f8c | 2f00 0000 | 498b f04c | 8bc6 498b | f94c 8bcf | 488b da48 
  0x0000027f93760f80: 8bd3 0f1f 

  0x0000027f93760f84: ;   {optimized virtual_call}
  0x0000027f93760f84: 4400 00e8 

  0x0000027f93760f88: ; ImmutableOopMap {[32]=Oop [48]=Oop }
                      ;*invokevirtual allocateUninitializedArray0 {reexecute=0 rethrow=0 return_oop=0}
                      ; - jdk.internal.misc.Unsafe::allocateUninitializedArray@51 (line 1375)
  0x0000027f93760f88: 148a 0200 | 4883 c460 

  0x0000027f93760f90: ;   {poll_return}
  0x0000027f93760f90: 5d49 3ba7 | 5003 0000 | 0f87 a001 

  0x0000027f93760f9c: ;   {metadata('java/lang/IllegalArgumentException')}
  0x0000027f93760f9c: 0000 c348 | ba68 2406 | 9e7f 0200 | 0049 8b87 | 0801 0000 | 488d 7828 | 493b bf18 | 0100 000f 
  0x0000027f93760fbc: 8793 0100 | 0049 89bf | 0801 0000 | 48c7 0001 | 0000 0048 | 8bca 49ba | 0000 009e | 7f02 0000 
  0x0000027f93760fdc: 492b ca89 | 4808 4833 | c989 480c | 4833 c948 | 8948 1048 | 8948 1848 

  0x0000027f93760ff4: ;   {oop("Negative length"{0x0000000082dea0f0})}
  0x0000027f93760ff4: 8948 2049 | b8f0 a0de | 8200 0000 | 0048 8bd0 | 4889 4424 | 3866 0f1f 

  0x0000027f9376100c: ;   {optimized virtual_call}
  0x0000027f9376100c: 4400 00e8 

  0x0000027f93761010: ; ImmutableOopMap {[32]=Oop [48]=Oop [56]=Oop }
                      ;*invokespecial <init> {reexecute=0 rethrow=0 return_oop=0}
                      ; - jdk.internal.misc.Unsafe::allocateUninitializedArray@44 (line 1373)
  0x0000027f93761010: 6c03 d1ff | 488b 4424 

  0x0000027f93761018: ; ImmutableOopMap {[32]=Oop [48]=Oop rax=Oop }
                      ;*athrow {reexecute=1 rethrow=0 return_oop=0}
                      ; - (reexecute) jdk.internal.misc.Unsafe::allocateUninitializedArray@47 (line 1373)
                      ;   {section_word}
  0x0000027f93761018: 3848 ba19 | 1076 937f 

  0x0000027f93761020: ;   {runtime_call handle_exception_nofpu Runtime1 stub}
  0x0000027f93761020: 0200 00e8 | d860 dcff 

  0x0000027f93761028: ;   {metadata('java/lang/IllegalArgumentException')}
  0x0000027f93761028: 9048 ba68 | 2406 9e7f | 0200 0049 | 8b87 0801 | 0000 488d | 7828 493b | bf18 0100 | 000f 8716 
  0x0000027f93761048: 0100 0049 | 89bf 0801 | 0000 48c7 | 0001 0000 | 0048 8bca | 49ba 0000 | 009e 7f02 | 0000 492b 
  0x0000027f93761068: ca89 4808 | 4833 c989 | 480c 4833 | c948 8948 | 1048 8948 | 1848 8948 

  0x0000027f93761080: ;   {oop("Component type is not primitive"{0x0000000082dea128})}
  0x0000027f93761080: 2049 b828 | a1de 8200 | 0000 0048 | 8bd0 4889 | 4424 400f 

  0x0000027f93761094: ;   {optimized virtual_call}
  0x0000027f93761094: 1f40 00e8 

  0x0000027f93761098: ; ImmutableOopMap {[48]=Oop [32]=Oop [64]=Oop }
                      ;*invokespecial <init> {reexecute=0 rethrow=0 return_oop=0}
                      ; - jdk.internal.misc.Unsafe::allocateUninitializedArray@29 (line 1370)
  0x0000027f93761098: e402 d1ff | 488b 4424 

  0x0000027f937610a0: ; ImmutableOopMap {[48]=Oop [32]=Oop rax=Oop }
                      ;*athrow {reexecute=1 rethrow=0 return_oop=0}
                      ; - (reexecute) jdk.internal.misc.Unsafe::allocateUninitializedArray@32 (line 1370)
                      ;   {section_word}
  0x0000027f937610a0: 4048 baa1 | 1076 937f 

  0x0000027f937610a8: ;   {runtime_call handle_exception_nofpu Runtime1 stub}
  0x0000027f937610a8: 0200 00e8 | 5060 dcff 

  0x0000027f937610b0: ;   {metadata('java/lang/IllegalArgumentException')}
  0x0000027f937610b0: 9048 ba68 | 2406 9e7f | 0200 0049 | 8b87 0801 | 0000 488d | 7828 493b | bf18 0100 | 000f 879b 
  0x0000027f937610d0: 0000 0049 | 89bf 0801 | 0000 48c7 | 0001 0000 | 0048 8bca | 49ba 0000 | 009e 7f02 | 0000 492b 
  0x0000027f937610f0: ca89 4808 | 4833 c989 | 480c 4833 | c948 8948 | 1048 8948 | 1848 8948 

  0x0000027f93761108: ;   {oop("Component type is null"{0x0000000082dea170})}
  0x0000027f93761108: 2049 b870 | a1de 8200 | 0000 0048 | 8bd0 4889 | 4424 480f 

  0x0000027f9376111c: ;   {optimized virtual_call}
  0x0000027f9376111c: 1f40 00e8 

  0x0000027f93761120: ; ImmutableOopMap {[48]=Oop [72]=Oop [32]=Oop }
                      ;*invokespecial <init> {reexecute=0 rethrow=0 return_oop=0}
                      ; - jdk.internal.misc.Unsafe::allocateUninitializedArray@11 (line 1367)
  0x0000027f93761120: 5c02 d1ff | 488b 4424 

  0x0000027f93761128: ; ImmutableOopMap {[48]=Oop [32]=Oop rax=Oop }
                      ;*athrow {reexecute=1 rethrow=0 return_oop=0}
                      ; - (reexecute) jdk.internal.misc.Unsafe::allocateUninitializedArray@14 (line 1367)
                      ;   {section_word}
  0x0000027f93761128: 4848 ba29 | 1176 937f 

  0x0000027f93761130: ;   {runtime_call handle_exception_nofpu Runtime1 stub}
  0x0000027f93761130: 0200 00e8 | c85f dcff 

  0x0000027f93761138: ;   {runtime_call throw_null_pointer_exception Runtime1 stub}
  0x0000027f93761138: 90e8 e247 

  0x0000027f9376113c: ; ImmutableOopMap {rdx=Oop [32]=Oop r8=Oop [48]=Oop }
                      ;*invokevirtual isPrimitive {reexecute=0 rethrow=0 return_oop=0}
                      ; - jdk.internal.misc.Unsafe::allocateUninitializedArray@16 (line 1369)
                      ;   {internal_word}
  0x0000027f9376113c: dcff 49ba | 910f 7693 | 7f02 0000 | 4d89 9768 

  0x0000027f9376114c: ;   {runtime_call SafepointBlob}
  0x0000027f9376114c: 0300 00e9 | ac68 d1ff 

  0x0000027f93761154: ;   {runtime_call fast_new_instance Runtime1 stub}
  0x0000027f93761154: 488b d2e8 

  0x0000027f93761158: ; ImmutableOopMap {[32]=Oop [48]=Oop }
                      ;*new {reexecute=0 rethrow=0 return_oop=0}
                      ; - jdk.internal.misc.Unsafe::allocateUninitializedArray@37 (line 1373)
  0x0000027f93761158: a450 dcff | e996 feff | ff48 8bd2 

  0x0000027f93761164: ;   {runtime_call fast_new_instance Runtime1 stub}
  0x0000027f93761164: e897 50dc 

  0x0000027f93761168: ; ImmutableOopMap {[48]=Oop [32]=Oop }
                      ;*new {reexecute=0 rethrow=0 return_oop=0}
                      ; - jdk.internal.misc.Unsafe::allocateUninitializedArray@22 (line 1370)
  0x0000027f93761168: ffe9 13ff | ffff 488b 

  0x0000027f93761170: ;   {runtime_call fast_new_instance Runtime1 stub}
  0x0000027f93761170: d2e8 8a50 

  0x0000027f93761174: ; ImmutableOopMap {[48]=Oop [32]=Oop }
                      ;*new {reexecute=0 rethrow=0 return_oop=0}
                      ; - jdk.internal.misc.Unsafe::allocateUninitializedArray@4 (line 1367)
  0x0000027f93761174: dcff eb91 | 9090 498b | 87e0 0300 | 0049 c787 | e003 0000 | 0000 0000 | 49c7 87e8 | 0300 0000 
  0x0000027f93761194: 0000 0048 | 83c4 605d 

  0x0000027f9376119c: ;   {runtime_call unwind_exception Runtime1 stub}
  0x0000027f9376119c: e95f 38dc | fff4 f4f4 | f4f4 f4f4 | f4f4 f4f4 | f4f4 f4f4 | f4f4 f4f4 | f4f4 f4f4 | f4f4 f4f4 
  0x0000027f937611bc: f4f4 f4f4 
[Stub Code]
  0x0000027f937611c0: ;   {no_reloc}
  0x0000027f937611c0: 0f1f 4400 

  0x0000027f937611c4: ;   {static_stub}
  0x0000027f937611c4: 0048 bbe8 | 0f41 9e7f 

  0x0000027f937611cc: ;   {runtime_call I2C/C2I adapters}
  0x0000027f937611cc: 0200 00e9 | 0dad d0ff 

  0x0000027f937611d4: ;   {static_stub}
  0x0000027f937611d4: 9048 bb00 | 0000 0000 

  0x0000027f937611dc: ;   {runtime_call}
  0x0000027f937611dc: 0000 00e9 | fbff ffff 

  0x0000027f937611e4: ;   {static_stub}
  0x0000027f937611e4: 9048 bb00 | 0000 0000 

  0x0000027f937611ec: ;   {runtime_call}
  0x0000027f937611ec: 0000 00e9 | fbff ffff 

  0x0000027f937611f4: ;   {static_stub}
  0x0000027f937611f4: 9048 bb00 | 0000 0000 

  0x0000027f937611fc: ;   {runtime_call}
  0x0000027f937611fc: 0000 00e9 | fbff ffff 
[Exception Handler]
  0x0000027f93761204: ;   {runtime_call handle_exception_from_callee Runtime1 stub}
  0x0000027f93761204: e8f7 64dc 

  0x0000027f93761208: ;   {external_word}
  0x0000027f93761208: ff48 b930 | caa4 33f9 | 7f00 0048 

  0x0000027f93761214: ;   {runtime_call}
  0x0000027f93761214: 83e4 f049 | ba40 486d | 33f9 7f00 | 0041 ffd2 

  0x0000027f93761224: ;   {section_word}
  0x0000027f93761224: f449 ba25 | 1276 937f | 0200 0041 

  0x0000027f93761230: ;   {runtime_call DeoptimizationBlob}
  0x0000027f93761230: 52e9 6a5a | d1ff f4f4 
[/MachCode]


---------------  P R O C E S S  ---------------

Threads class SMR info:
_java_thread_list=0x0000027fec83a590, length=45, elements={
0x0000027f9db0ccf0, 0x0000027f9db0d8b0, 0x0000027f9db27640, 0x0000027f9db2b020,
0x0000027f9db2c550, 0x0000027f9db2cf10, 0x0000027f9db2f450, 0x0000027f9db39540,
0x0000027f9daf8100, 0x0000027fe36b6b40, 0x0000027fe36d6930, 0x0000027fe36d9140,
0x0000027fe374bd50, 0x0000027fe4585a60, 0x0000027fe6255f20, 0x0000027fe6258290,
0x0000027fe62587a0, 0x0000027fe625b020, 0x0000027fe625c460, 0x0000027fe625ba40,
0x0000027fe625c970, 0x0000027fe5d617c0, 0x0000027fe5d621e0, 0x0000027fec4e8d70,
0x0000027fe6259be0, 0x0000027fe625bf50, 0x0000027fe6258cb0, 0x0000027fe625a600,
0x0000027fee2b59c0, 0x0000027fee2b63e0, 0x0000027fee2b7310, 0x0000027fee2b4580,
0x0000027fee2b4fa0, 0x0000027fee2b4070, 0x0000027fec4e5ad0, 0x0000027fec4e3760,
0x0000027fec4e5fe0, 0x0000027fec4e64f0, 0x0000027fec4e2d40, 0x0000027fec4e3c70,
0x0000027fec4e4690, 0x0000027fec4e9280, 0x0000027fec4ea1b0, 0x0000027fec4e8350,
0x0000027fe7bab020
}

Java Threads: ( => current thread )
  0x0000027f9db0ccf0 JavaThread "Reference Handler" daemon [_thread_blocked, id=13516, stack(0x000000e924300000,0x000000e924400000)]
  0x0000027f9db0d8b0 JavaThread "Finalizer" daemon [_thread_blocked, id=22728, stack(0x000000e924400000,0x000000e924500000)]
  0x0000027f9db27640 JavaThread "Signal Dispatcher" daemon [_thread_blocked, id=11544, stack(0x000000e924500000,0x000000e924600000)]
  0x0000027f9db2b020 JavaThread "Attach Listener" daemon [_thread_blocked, id=25508, stack(0x000000e924600000,0x000000e924700000)]
  0x0000027f9db2c550 JavaThread "Service Thread" daemon [_thread_blocked, id=1608, stack(0x000000e924700000,0x000000e924800000)]
  0x0000027f9db2cf10 JavaThread "Monitor Deflation Thread" daemon [_thread_blocked, id=19012, stack(0x000000e924800000,0x000000e924900000)]
  0x0000027f9db2f450 JavaThread "C1 CompilerThread0" daemon [_thread_blocked, id=11028, stack(0x000000e924900000,0x000000e924a00000)]
  0x0000027f9db39540 JavaThread "Sweeper thread" daemon [_thread_blocked, id=10668, stack(0x000000e924a00000,0x000000e924b00000)]
  0x0000027f9daf8100 JavaThread "Common-Cleaner" daemon [_thread_blocked, id=7296, stack(0x000000e924b00000,0x000000e924c00000)]
  0x0000027fe36b6b40 JavaThread "JDWP Transport Listener: dt_socket" daemon [_thread_in_native, id=12168, stack(0x000000e924f00000,0x000000e925000000)]
  0x0000027fe36d6930 JavaThread "JDWP Event Helper Thread" daemon [_thread_blocked, id=28004, stack(0x000000e925000000,0x000000e925100000)]
  0x0000027fe36d9140 JavaThread "Notification Thread" daemon [_thread_blocked, id=15152, stack(0x000000e925100000,0x000000e925200000)]
  0x0000027fe374bd50 JavaThread "Reference Reaper #1" daemon [_thread_blocked, id=24144, stack(0x000000e925300000,0x000000e925400000)]
  0x0000027fe4585a60 JavaThread "Quarkus Devmode keep alive thread" [_thread_blocked, id=28052, stack(0x000000e925d00000,0x000000e925e00000)]
  0x0000027fe6255f20 JavaThread "mysql-cj-abandoned-connection-cleanup" daemon [_thread_blocked, id=5080, stack(0x000000e927000000,0x000000e927100000)]
  0x0000027fe6258290 JavaThread "WindowsStreamPump" daemon [_thread_in_native, id=27484, stack(0x000000e927100000,0x000000e927200000)]
  0x0000027fe62587a0 JavaThread "Aesh InputStream Reader" daemon [_thread_blocked, id=17608, stack(0x000000e927200000,0x000000e927300000)]
  0x0000027fe625b020 JavaThread "vertx-blocked-thread-checker" daemon [_thread_blocked, id=624, stack(0x000000e926600000,0x000000e926700000)]
  0x0000027fe625c460 JavaThread "vert.x-eventloop-thread-0" [_thread_in_native, id=26448, stack(0x000000e926700000,0x000000e926800000)]
  0x0000027fe625ba40 JavaThread "vert.x-eventloop-thread-1" [_thread_blocked, id=9020, stack(0x000000e926900000,0x000000e926a00000)]
  0x0000027fe625c970 JavaThread "vert.x-acceptor-thread-0" [_thread_in_native, id=17736, stack(0x000000e926a00000,0x000000e926b00000)]
  0x0000027fe5d617c0 JavaThread "vert.x-eventloop-thread-2" [_thread_in_native, id=7624, stack(0x000000e926b00000,0x000000e926c00000)]
  0x0000027fe5d621e0 JavaThread "DestroyJavaVM" [_thread_blocked, id=6404, stack(0x000000e923c00000,0x000000e923d00000)]
  0x0000027fec4e8d70 JavaThread "Cleaner-0" daemon [_thread_blocked, id=26124, stack(0x000000e923900000,0x000000e923a00000)]
  0x0000027fe6259be0 JavaThread "ForkJoinPool.commonPool-worker-34" daemon [_thread_blocked, id=11832, stack(0x000000e924d00000,0x000000e924e00000)]
  0x0000027fe625bf50 JavaThread "ForkJoinPool.commonPool-worker-35" daemon [_thread_blocked, id=3460, stack(0x000000e925e00000,0x000000e925f00000)]
  0x0000027fe6258cb0 JavaThread "ForkJoinPool.commonPool-worker-36" daemon [_thread_blocked, id=23944, stack(0x000000e926100000,0x000000e926200000)]
  0x0000027fe625a600 JavaThread "ForkJoinPool.commonPool-worker-37" daemon [_thread_blocked, id=11516, stack(0x000000e926200000,0x000000e926300000)]
  0x0000027fee2b59c0 JavaThread "Quarkus Main Thread" [_thread_blocked, id=21104, stack(0x000000e926300000,0x000000e926400000)]
  0x0000027fee2b63e0 JavaThread "agroal-101" daemon [_thread_blocked, id=25780, stack(0x000000e926800000,0x000000e926900000)]
  0x0000027fee2b7310 JavaThread "Transaction Reaper" daemon [_thread_blocked, id=12036, stack(0x000000e923a00000,0x000000e923b00000)]
  0x0000027fee2b4580 JavaThread "Transaction Reaper Worker 1" daemon [_thread_blocked, id=27676, stack(0x000000e926500000,0x000000e926600000)]
  0x0000027fee2b4fa0 JavaThread "vert.x-worker-thread-22" [_thread_blocked, id=21144, stack(0x000000e926c00000,0x000000e926d00000)]
  0x0000027fee2b4070 JavaThread "executor-thread-3" daemon [_thread_blocked, id=7920, stack(0x000000e924c00000,0x000000e924d00000)]
  0x0000027fec4e5ad0 JavaThread "executor-thread-5" daemon [_thread_blocked, id=13916, stack(0x000000e926d00000,0x000000e926e00000)]
=>0x0000027fec4e3760 JavaThread "executor-thread-6" daemon [_thread_in_vm, id=11988, stack(0x000000e926000000,0x000000e926100000)]
  0x0000027fec4e5fe0 JavaThread "vert.x-worker-thread-23" [_thread_blocked, id=24476, stack(0x000000e925f00000,0x000000e926000000)]
  0x0000027fec4e64f0 JavaThread "vert.x-worker-thread-24" [_thread_blocked, id=11952, stack(0x000000e926400000,0x000000e926500000)]
  0x0000027fec4e2d40 JavaThread "vert.x-worker-thread-25" [_thread_blocked, id=6156, stack(0x000000e926e00000,0x000000e926f00000)]
  0x0000027fec4e3c70 JavaThread "vert.x-worker-thread-26" [_thread_blocked, id=24076, stack(0x000000e927300000,0x000000e927400000)]
  0x0000027fec4e4690 JavaThread "executor-thread-7" daemon [_thread_blocked, id=18912, stack(0x000000e927400000,0x000000e927500000)]
  0x0000027fec4e9280 JavaThread "executor-thread-8" daemon [_thread_blocked, id=18284, stack(0x000000e927500000,0x000000e927600000)]
  0x0000027fec4ea1b0 JavaThread "executor-thread-9" daemon [_thread_blocked, id=23332, stack(0x000000e927600000,0x000000e927700000)]
  0x0000027fec4e8350 JavaThread "executor-thread-10" daemon [_thread_blocked, id=25052, stack(0x000000e927700000,0x000000e927800000)]
  0x0000027fe7bab020 JavaThread "C1 CompilerThread1" daemon [_thread_blocked, id=18436, stack(0x000000e927800000,0x000000e927900000)]

Other Threads:
  0x0000027f9db036a0 VMThread "VM Thread" [stack: 0x000000e924200000,0x000000e924300000] [id=14820]
  0x0000027f8b8f9330 WatcherThread [stack: 0x000000e925200000,0x000000e925300000] [id=22652]
  0x0000027f8b9531a0 GCTaskThread "GC Thread#0" [stack: 0x000000e923d00000,0x000000e923e00000] [id=21440]
  0x0000027fe38efe20 GCTaskThread "GC Thread#1" [stack: 0x000000e925400000,0x000000e925500000] [id=14308]
  0x0000027fe38fc590 GCTaskThread "GC Thread#2" [stack: 0x000000e925500000,0x000000e925600000] [id=16916]
  0x0000027fe3b1ca70 GCTaskThread "GC Thread#3" [stack: 0x000000e925600000,0x000000e925700000] [id=18228]
  0x0000027fe3b1cd30 GCTaskThread "GC Thread#4" [stack: 0x000000e925700000,0x000000e925800000] [id=20052]
  0x0000027fe3b1cff0 GCTaskThread "GC Thread#5" [stack: 0x000000e925800000,0x000000e925900000] [id=24716]
  0x0000027fe3b1d2b0 GCTaskThread "GC Thread#6" [stack: 0x000000e925900000,0x000000e925a00000] [id=24028]
  0x0000027fe3ddb480 GCTaskThread "GC Thread#7" [stack: 0x000000e925c00000,0x000000e925d00000] [id=14548]
  0x0000027f8b963d30 ConcurrentGCThread "G1 Main Marker" [stack: 0x000000e923e00000,0x000000e923f00000] [id=22796]
  0x0000027f8b965420 ConcurrentGCThread "G1 Conc#0" [stack: 0x000000e923f00000,0x000000e924000000] [id=26192]
  0x0000027fe4ed68c0 ConcurrentGCThread "G1 Conc#1" [stack: 0x000000e926f00000,0x000000e927000000] [id=18552]
  0x0000027f8b9add60 ConcurrentGCThread "G1 Refine#0" [stack: 0x000000e924000000,0x000000e924100000] [id=26240]
  0x0000027fe324ff10 ConcurrentGCThread "G1 Refine#1" [stack: 0x000000e925a00000,0x000000e925b00000] [id=11100]
  0x0000027fe3250200 ConcurrentGCThread "G1 Refine#2" [stack: 0x000000e925b00000,0x000000e925c00000] [id=28556]
  0x0000027fed8cdf10 ConcurrentGCThread "G1 Refine#3" [stack: 0x000000e924e00000,0x000000e924f00000] [id=28096]
  0x0000027fed8cfc70 ConcurrentGCThread "G1 Refine#4" [stack: 0x000000e923b00000,0x000000e923c00000] [id=26532]
  0x0000027f8b9ae790 ConcurrentGCThread "G1 Service" [stack: 0x000000e924100000,0x000000e924200000] [id=14384]

Threads with active compile tasks:

VM state: not at safepoint (normal execution)

VM Mutex/Monitor currently owned by a thread:  ([mutex/lock_event])
[0x0000027f8b8f3a50] Heap_lock - owner thread: 0x0000027fec4e3760

Heap address: 0x0000000081e00000, size: 2018 MB, Compressed Oops mode: 32-bit

CDS archive(s) mapped at: [0x0000027f9e000000-0x0000027f9ebb0000-0x0000027f9ebb0000), size 12255232, SharedBaseAddress: 0x0000027f9e000000, ArchiveRelocationMode: 1.
Compressed class space mapped at: 0x0000027f9f000000-0x0000027fdf000000, reserved size: 1073741824
Narrow klass base: 0x0000027f9e000000, Narrow klass shift: 0, Narrow klass range: 0x100000000

GC Precious Log:
 CPUs: 8 total, 8 available
 Memory: 8067M
 Large Page Support: Disabled
 NUMA Support: Disabled
 Compressed Oops: Enabled (32-bit)
 Heap Region Size: 1M
 Heap Min Capacity: 8M
 Heap Initial Capacity: 128M
 Heap Max Capacity: 2018M
 Pre-touch: Disabled
 Parallel Workers: 8
 Concurrent Workers: 2
 Concurrent Refinement Workers: 8
 Periodic GC: Disabled

Heap:
 garbage-first heap   total 931840K, used 851327K [0x0000000081e00000, 0x0000000100000000)
  region size 1024K, 35 young (35840K), 34 survivors (34816K)
 Metaspace       used 134128K, committed 142400K, reserved 1245184K
  class space    used 18842K, committed 21696K, reserved 1048576K

Heap Regions: E=young(eden), S=young(survivor), O=old, HS=humongous(starts), HC=humongous(continues), CS=collection set, F=free, OA=open archive, CA=closed archive, TAMS=top-at-mark-start (previous, next)
|   0|0x0000000081e00000, 0x0000000081f00000, 0x0000000081f00000|100%|HS|  |TAMS 0x0000000081f00000, 0x0000000081e00000| Complete 
|   1|0x0000000081f00000, 0x0000000082000000, 0x0000000082000000|100%| O|  |TAMS 0x0000000082000000, 0x0000000081f00000| Untracked 
|   2|0x0000000082000000, 0x0000000082100000, 0x0000000082100000|100%| O|  |TAMS 0x0000000082100000, 0x0000000082000000| Untracked 
|   3|0x0000000082100000, 0x0000000082200000, 0x0000000082200000|100%| O|  |TAMS 0x0000000082200000, 0x0000000082100000| Untracked 
|   4|0x0000000082200000, 0x0000000082300000, 0x0000000082300000|100%| O|  |TAMS 0x0000000082300000, 0x0000000082200000| Untracked 
|   5|0x0000000082300000, 0x0000000082400000, 0x0000000082400000|100%| O|  |TAMS 0x0000000082400000, 0x0000000082300000| Untracked 
|   6|0x0000000082400000, 0x0000000082500000, 0x0000000082500000|100%| O|  |TAMS 0x0000000082500000, 0x0000000082400000| Untracked 
|   7|0x0000000082500000, 0x0000000082600000, 0x0000000082600000|100%|HS|  |TAMS 0x0000000082600000, 0x0000000082500000| Complete 
|   8|0x0000000082600000, 0x0000000082700000, 0x0000000082700000|100%|HS|  |TAMS 0x0000000082700000, 0x0000000082600000| Complete 
|   9|0x0000000082700000, 0x0000000082800000, 0x0000000082800000|100%| O|  |TAMS 0x0000000082800000, 0x0000000082700000| Untracked 
|  10|0x0000000082800000, 0x0000000082900000, 0x0000000082900000|100%| O|  |TAMS 0x0000000082900000, 0x0000000082800000| Untracked 
|  11|0x0000000082900000, 0x0000000082a00000, 0x0000000082a00000|100%| O|  |TAMS 0x0000000082a00000, 0x0000000082900000| Untracked 
|  12|0x0000000082a00000, 0x0000000082b00000, 0x0000000082b00000|100%| O|  |TAMS 0x0000000082b00000, 0x0000000082a00000| Untracked 
|  13|0x0000000082b00000, 0x0000000082c00000, 0x0000000082c00000|100%| O|  |TAMS 0x0000000082c00000, 0x0000000082b00000| Untracked 
|  14|0x0000000082c00000, 0x0000000082d00000, 0x0000000082d00000|100%| O|  |TAMS 0x0000000082d00000, 0x0000000082c00000| Untracked 
|  15|0x0000000082d00000, 0x0000000082e00000, 0x0000000082e00000|100%| O|  |TAMS 0x0000000082e00000, 0x0000000082d00000| Untracked 
|  16|0x0000000082e00000, 0x0000000082f00000, 0x0000000082f00000|100%| O|  |TAMS 0x0000000082f00000, 0x0000000082e00000| Untracked 
|  17|0x0000000082f00000, 0x0000000083000000, 0x0000000083000000|100%| O|  |TAMS 0x0000000083000000, 0x0000000082f00000| Untracked 
|  18|0x0000000083000000, 0x0000000083100000, 0x0000000083100000|100%| O|  |TAMS 0x0000000083100000, 0x0000000083000000| Untracked 
|  19|0x0000000083100000, 0x0000000083200000, 0x0000000083200000|100%| O|  |TAMS 0x0000000083200000, 0x0000000083100000| Untracked 
|  20|0x0000000083200000, 0x0000000083300000, 0x0000000083300000|100%| O|  |TAMS 0x0000000083300000, 0x0000000083200000| Untracked 
|  21|0x0000000083300000, 0x0000000083400000, 0x0000000083400000|100%| O|  |TAMS 0x0000000083400000, 0x0000000083300000| Untracked 
|  22|0x0000000083400000, 0x0000000083500000, 0x0000000083500000|100%| O|  |TAMS 0x0000000083500000, 0x0000000083400000| Untracked 
|  23|0x0000000083500000, 0x0000000083600000, 0x0000000083600000|100%| O|  |TAMS 0x0000000083600000, 0x0000000083500000| Untracked 
|  24|0x0000000083600000, 0x0000000083700000, 0x0000000083700000|100%|HS|  |TAMS 0x0000000083700000, 0x0000000083600000| Complete 
|  25|0x0000000083700000, 0x0000000083800000, 0x0000000083800000|100%|HC|  |TAMS 0x0000000083800000, 0x0000000083700000| Complete 
|  26|0x0000000083800000, 0x0000000083900000, 0x0000000083900000|100%| O|  |TAMS 0x0000000083900000, 0x0000000083800000| Untracked 
|  27|0x0000000083900000, 0x0000000083a00000, 0x0000000083a00000|100%| O|  |TAMS 0x0000000083a00000, 0x0000000083900000| Untracked 
|  28|0x0000000083a00000, 0x0000000083b00000, 0x0000000083b00000|100%| O|  |TAMS 0x0000000083b00000, 0x0000000083a00000| Untracked 
|  29|0x0000000083b00000, 0x0000000083c00000, 0x0000000083c00000|100%| O|  |TAMS 0x0000000083c00000, 0x0000000083b00000| Untracked 
|  30|0x0000000083c00000, 0x0000000083d00000, 0x0000000083d00000|100%| O|  |TAMS 0x0000000083d00000, 0x0000000083c00000| Untracked 
|  31|0x0000000083d00000, 0x0000000083e00000, 0x0000000083e00000|100%| O|  |TAMS 0x0000000083e00000, 0x0000000083d00000| Untracked 
|  32|0x0000000083e00000, 0x0000000083f00000, 0x0000000083f00000|100%| O|  |TAMS 0x0000000083f00000, 0x0000000083e00000| Untracked 
|  33|0x0000000083f00000, 0x0000000084000000, 0x0000000084000000|100%| O|  |TAMS 0x0000000084000000, 0x0000000083f00000| Untracked 
|  34|0x0000000084000000, 0x0000000084100000, 0x0000000084100000|100%| O|  |TAMS 0x0000000084100000, 0x0000000084000000| Untracked 
|  35|0x0000000084100000, 0x0000000084200000, 0x0000000084200000|100%| O|  |TAMS 0x0000000084200000, 0x0000000084100000| Untracked 
|  36|0x0000000084200000, 0x0000000084300000, 0x0000000084300000|100%| O|  |TAMS 0x0000000084300000, 0x0000000084200000| Untracked 
|  37|0x0000000084300000, 0x0000000084400000, 0x0000000084400000|100%| O|  |TAMS 0x0000000084400000, 0x0000000084300000| Untracked 
|  38|0x0000000084400000, 0x0000000084500000, 0x0000000084500000|100%| O|  |TAMS 0x0000000084500000, 0x0000000084400000| Untracked 
|  39|0x0000000084500000, 0x0000000084600000, 0x0000000084600000|100%| O|  |TAMS 0x0000000084600000, 0x0000000084500000| Untracked 
|  40|0x0000000084600000, 0x0000000084700000, 0x0000000084700000|100%| O|  |TAMS 0x0000000084700000, 0x0000000084600000| Untracked 
|  41|0x0000000084700000, 0x0000000084800000, 0x0000000084800000|100%| O|  |TAMS 0x0000000084800000, 0x0000000084700000| Untracked 
|  42|0x0000000084800000, 0x0000000084900000, 0x0000000084900000|100%| O|  |TAMS 0x0000000084900000, 0x0000000084800000| Untracked 
|  43|0x0000000084900000, 0x0000000084a00000, 0x0000000084a00000|100%| O|  |TAMS 0x0000000084a00000, 0x0000000084900000| Untracked 
|  44|0x0000000084a00000, 0x0000000084b00000, 0x0000000084b00000|100%| O|  |TAMS 0x0000000084b00000, 0x0000000084a00000| Untracked 
|  45|0x0000000084b00000, 0x0000000084c00000, 0x0000000084c00000|100%| O|  |TAMS 0x0000000084c00000, 0x0000000084b00000| Untracked 
|  46|0x0000000084c00000, 0x0000000084d00000, 0x0000000084d00000|100%| O|  |TAMS 0x0000000084d00000, 0x0000000084c00000| Untracked 
|  47|0x0000000084d00000, 0x0000000084e00000, 0x0000000084e00000|100%| O|  |TAMS 0x0000000084e00000, 0x0000000084d00000| Untracked 
|  48|0x0000000084e00000, 0x0000000084f00000, 0x0000000084f00000|100%| O|  |TAMS 0x0000000084f00000, 0x0000000084e00000| Untracked 
|  49|0x0000000084f00000, 0x0000000085000000, 0x0000000085000000|100%| O|  |TAMS 0x0000000085000000, 0x0000000084f00000| Untracked 
|  50|0x0000000085000000, 0x0000000085100000, 0x0000000085100000|100%| O|  |TAMS 0x0000000085100000, 0x0000000085000000| Untracked 
|  51|0x0000000085100000, 0x0000000085200000, 0x0000000085200000|100%| O|  |TAMS 0x0000000085200000, 0x0000000085100000| Untracked 
|  52|0x0000000085200000, 0x0000000085200000, 0x0000000085300000|  0%| F|  |TAMS 0x0000000085200000, 0x0000000085200000| Untracked 
|  53|0x0000000085300000, 0x0000000085300000, 0x0000000085400000|  0%| F|  |TAMS 0x0000000085300000, 0x0000000085300000| Untracked 
|  54|0x0000000085400000, 0x0000000085500000, 0x0000000085500000|100%| O|  |TAMS 0x0000000085500000, 0x0000000085400000| Untracked 
|  55|0x0000000085500000, 0x0000000085500000, 0x0000000085600000|  0%| F|  |TAMS 0x0000000085500000, 0x0000000085500000| Untracked 
|  56|0x0000000085600000, 0x0000000085700000, 0x0000000085700000|100%| O|  |TAMS 0x0000000085700000, 0x0000000085600000| Untracked 
|  57|0x0000000085700000, 0x0000000085800000, 0x0000000085800000|100%| O|  |TAMS 0x0000000085800000, 0x0000000085700000| Complete 
|  58|0x0000000085800000, 0x0000000085900000, 0x0000000085900000|100%| O|  |TAMS 0x0000000085900000, 0x0000000085800000| Untracked 
|  59|0x0000000085900000, 0x0000000085a00000, 0x0000000085a00000|100%| O|  |TAMS 0x0000000085a00000, 0x0000000085900000| Untracked 
|  60|0x0000000085a00000, 0x0000000085b00000, 0x0000000085b00000|100%| O|  |TAMS 0x0000000085b00000, 0x0000000085a00000| Untracked 
|  61|0x0000000085b00000, 0x0000000085c00000, 0x0000000085c00000|100%| O|  |TAMS 0x0000000085c00000, 0x0000000085b00000| Untracked 
|  62|0x0000000085c00000, 0x0000000085d00000, 0x0000000085d00000|100%| O|  |TAMS 0x0000000085d00000, 0x0000000085c00000| Untracked 
|  63|0x0000000085d00000, 0x0000000085e00000, 0x0000000085e00000|100%| O|  |TAMS 0x0000000085e00000, 0x0000000085d00000| Untracked 
|  64|0x0000000085e00000, 0x0000000085f00000, 0x0000000085f00000|100%| O|  |TAMS 0x0000000085f00000, 0x0000000085e00000| Untracked 
|  65|0x0000000085f00000, 0x0000000086000000, 0x0000000086000000|100%| O|  |TAMS 0x0000000086000000, 0x0000000085f00000| Untracked 
|  66|0x0000000086000000, 0x0000000086100000, 0x0000000086100000|100%| O|  |TAMS 0x0000000086100000, 0x0000000086000000| Untracked 
|  67|0x0000000086100000, 0x0000000086200000, 0x0000000086200000|100%| O|  |TAMS 0x0000000086200000, 0x0000000086100000| Untracked 
|  68|0x0000000086200000, 0x0000000086300000, 0x0000000086300000|100%| O|  |TAMS 0x0000000086300000, 0x0000000086200000| Untracked 
|  69|0x0000000086300000, 0x0000000086300000, 0x0000000086400000|  0%| F|  |TAMS 0x0000000086300000, 0x0000000086300000| Untracked 
|  70|0x0000000086400000, 0x0000000086500000, 0x0000000086500000|100%| O|  |TAMS 0x0000000086500000, 0x0000000086400000| Untracked 
|  71|0x0000000086500000, 0x0000000086500000, 0x0000000086600000|  0%| F|  |TAMS 0x0000000086500000, 0x0000000086500000| Untracked 
|  72|0x0000000086600000, 0x0000000086700000, 0x0000000086700000|100%| O|  |TAMS 0x0000000086700000, 0x0000000086600000| Untracked 
|  73|0x0000000086700000, 0x0000000086800000, 0x0000000086800000|100%| O|  |TAMS 0x0000000086700000, 0x0000000086700000| Untracked 
|  74|0x0000000086800000, 0x0000000086900000, 0x0000000086900000|100%| O|  |TAMS 0x0000000086900000, 0x0000000086800000| Untracked 
|  75|0x0000000086900000, 0x0000000086a00000, 0x0000000086a00000|100%|HS|  |TAMS 0x0000000086a00000, 0x0000000086900000| Complete 
|  76|0x0000000086a00000, 0x0000000086b00000, 0x0000000086b00000|100%|HS|  |TAMS 0x0000000086b00000, 0x0000000086a00000| Complete 
|  77|0x0000000086b00000, 0x0000000086c00000, 0x0000000086c00000|100%| O|  |TAMS 0x0000000086c00000, 0x0000000086b00000| Untracked 
|  78|0x0000000086c00000, 0x0000000086d00000, 0x0000000086d00000|100%| O|  |TAMS 0x0000000086d00000, 0x0000000086c00000| Untracked 
|  79|0x0000000086d00000, 0x0000000086e00000, 0x0000000086e00000|100%| O|  |TAMS 0x0000000086d00000, 0x0000000086d00000| Untracked 
|  80|0x0000000086e00000, 0x0000000086f00000, 0x0000000086f00000|100%| O|  |TAMS 0x0000000086f00000, 0x0000000086e00000| Untracked 
|  81|0x0000000086f00000, 0x0000000087000000, 0x0000000087000000|100%| O|  |TAMS 0x0000000086ff6e00, 0x0000000086f00000| Untracked 
|  82|0x0000000087000000, 0x0000000087100000, 0x0000000087100000|100%| O|  |TAMS 0x0000000087100000, 0x0000000087000000| Untracked 
|  83|0x0000000087100000, 0x0000000087200000, 0x0000000087200000|100%| O|  |TAMS 0x0000000087200000, 0x0000000087100000| Untracked 
|  84|0x0000000087200000, 0x0000000087300000, 0x0000000087300000|100%| O|  |TAMS 0x0000000087300000, 0x0000000087200000| Untracked 
|  85|0x0000000087300000, 0x0000000087300000, 0x0000000087400000|  0%| F|  |TAMS 0x0000000087300000, 0x0000000087300000| Untracked 
|  86|0x0000000087400000, 0x0000000087400000, 0x0000000087500000|  0%| F|  |TAMS 0x0000000087400000, 0x0000000087400000| Untracked 
|  87|0x0000000087500000, 0x0000000087500000, 0x0000000087600000|  0%| F|  |TAMS 0x0000000087500000, 0x0000000087500000| Untracked 
|  88|0x0000000087600000, 0x0000000087700000, 0x0000000087700000|100%| O|  |TAMS 0x0000000087600000, 0x0000000087600000| Untracked 
|  89|0x0000000087700000, 0x0000000087800000, 0x0000000087800000|100%| O|  |TAMS 0x0000000087800000, 0x0000000087700000| Untracked 
|  90|0x0000000087800000, 0x0000000087900000, 0x0000000087900000|100%| O|  |TAMS 0x0000000087800000, 0x0000000087800000| Untracked 
|  91|0x0000000087900000, 0x0000000087a00000, 0x0000000087a00000|100%| O|  |TAMS 0x0000000087a00000, 0x0000000087900000| Untracked 
|  92|0x0000000087a00000, 0x0000000087b00000, 0x0000000087b00000|100%| O|  |TAMS 0x0000000087b00000, 0x0000000087a00000| Untracked 
|  93|0x0000000087b00000, 0x0000000087c00000, 0x0000000087c00000|100%| O|  |TAMS 0x0000000087c00000, 0x0000000087b00000| Untracked 
|  94|0x0000000087c00000, 0x0000000087d00000, 0x0000000087d00000|100%| O|  |TAMS 0x0000000087d00000, 0x0000000087c00000| Untracked 
|  95|0x0000000087d00000, 0x0000000087e00000, 0x0000000087e00000|100%| O|  |TAMS 0x0000000087e00000, 0x0000000087d00000| Untracked 
|  96|0x0000000087e00000, 0x0000000087f00000, 0x0000000087f00000|100%| O|  |TAMS 0x0000000087e00000, 0x0000000087e00000| Untracked 
|  97|0x0000000087f00000, 0x0000000088000000, 0x0000000088000000|100%| O|  |TAMS 0x0000000088000000, 0x0000000087f00000| Untracked 
|  98|0x0000000088000000, 0x0000000088100000, 0x0000000088100000|100%| O|  |TAMS 0x0000000088100000, 0x0000000088000000| Untracked 
|  99|0x0000000088100000, 0x0000000088200000, 0x0000000088200000|100%| O|  |TAMS 0x0000000088200000, 0x0000000088100000| Untracked 
| 100|0x0000000088200000, 0x0000000088300000, 0x0000000088300000|100%| O|  |TAMS 0x0000000088300000, 0x0000000088200000| Untracked 
| 101|0x0000000088300000, 0x0000000088400000, 0x0000000088400000|100%| O|  |TAMS 0x0000000088400000, 0x0000000088300000| Untracked 
| 102|0x0000000088400000, 0x0000000088500000, 0x0000000088500000|100%| O|  |TAMS 0x0000000088500000, 0x0000000088400000| Untracked 
| 103|0x0000000088500000, 0x0000000088600000, 0x0000000088600000|100%| O|  |TAMS 0x0000000088600000, 0x0000000088500000| Untracked 
| 104|0x0000000088600000, 0x0000000088700000, 0x0000000088700000|100%| O|  |TAMS 0x0000000088700000, 0x0000000088600000| Untracked 
| 105|0x0000000088700000, 0x0000000088800000, 0x0000000088800000|100%| O|  |TAMS 0x0000000088800000, 0x0000000088700000| Untracked 
| 106|0x0000000088800000, 0x0000000088900000, 0x0000000088900000|100%| O|  |TAMS 0x0000000088900000, 0x0000000088800000| Untracked 
| 107|0x0000000088900000, 0x0000000088a00000, 0x0000000088a00000|100%| O|  |TAMS 0x0000000088a00000, 0x0000000088900000| Untracked 
| 108|0x0000000088a00000, 0x0000000088b00000, 0x0000000088b00000|100%| O|  |TAMS 0x0000000088b00000, 0x0000000088a00000| Untracked 
| 109|0x0000000088b00000, 0x0000000088c00000, 0x0000000088c00000|100%| O|  |TAMS 0x0000000088c00000, 0x0000000088b00000| Untracked 
| 110|0x0000000088c00000, 0x0000000088d00000, 0x0000000088d00000|100%| O|  |TAMS 0x0000000088d00000, 0x0000000088c00000| Untracked 
| 111|0x0000000088d00000, 0x0000000088e00000, 0x0000000088e00000|100%| O|  |TAMS 0x0000000088e00000, 0x0000000088d00000| Untracked 
| 112|0x0000000088e00000, 0x0000000088f00000, 0x0000000088f00000|100%| O|  |TAMS 0x0000000088f00000, 0x0000000088e00000| Untracked 
| 113|0x0000000088f00000, 0x0000000089000000, 0x0000000089000000|100%| O|  |TAMS 0x0000000089000000, 0x0000000088f00000| Untracked 
| 114|0x0000000089000000, 0x0000000089100000, 0x0000000089100000|100%| O|  |TAMS 0x0000000089100000, 0x0000000089000000| Untracked 
| 115|0x0000000089100000, 0x0000000089200000, 0x0000000089200000|100%| O|  |TAMS 0x0000000089200000, 0x0000000089100000| Untracked 
| 116|0x0000000089200000, 0x0000000089300000, 0x0000000089300000|100%| O|  |TAMS 0x0000000089300000, 0x0000000089200000| Untracked 
| 117|0x0000000089300000, 0x0000000089400000, 0x0000000089400000|100%| O|  |TAMS 0x0000000089400000, 0x0000000089300000| Untracked 
| 118|0x0000000089400000, 0x0000000089500000, 0x0000000089500000|100%| O|  |TAMS 0x0000000089500000, 0x0000000089400000| Untracked 
| 119|0x0000000089500000, 0x0000000089600000, 0x0000000089600000|100%| O|  |TAMS 0x0000000089600000, 0x0000000089500000| Untracked 
| 120|0x0000000089600000, 0x0000000089700000, 0x0000000089700000|100%| O|  |TAMS 0x0000000089700000, 0x0000000089600000| Untracked 
| 121|0x0000000089700000, 0x0000000089800000, 0x0000000089800000|100%| O|  |TAMS 0x0000000089800000, 0x0000000089700000| Untracked 
| 122|0x0000000089800000, 0x0000000089900000, 0x0000000089900000|100%| O|  |TAMS 0x0000000089900000, 0x0000000089800000| Untracked 
| 123|0x0000000089900000, 0x0000000089a00000, 0x0000000089a00000|100%| O|  |TAMS 0x0000000089a00000, 0x0000000089900000| Untracked 
| 124|0x0000000089a00000, 0x0000000089b00000, 0x0000000089b00000|100%| O|  |TAMS 0x0000000089b00000, 0x0000000089a00000| Untracked 
| 125|0x0000000089b00000, 0x0000000089b00000, 0x0000000089c00000|  0%| F|  |TAMS 0x0000000089b00000, 0x0000000089b00000| Untracked 
| 126|0x0000000089c00000, 0x0000000089c00000, 0x0000000089d00000|  0%| F|  |TAMS 0x0000000089c00000, 0x0000000089c00000| Untracked 
| 127|0x0000000089d00000, 0x0000000089d00000, 0x0000000089e00000|  0%| F|  |TAMS 0x0000000089d00000, 0x0000000089d00000| Untracked 
| 128|0x0000000089e00000, 0x0000000089e00000, 0x0000000089f00000|  0%| F|  |TAMS 0x0000000089e00000, 0x0000000089e00000| Untracked 
| 129|0x0000000089f00000, 0x0000000089f00000, 0x000000008a000000|  0%| F|  |TAMS 0x0000000089f00000, 0x0000000089f00000| Untracked 
| 130|0x000000008a000000, 0x000000008a000000, 0x000000008a100000|  0%| F|  |TAMS 0x000000008a000000, 0x000000008a000000| Untracked 
| 131|0x000000008a100000, 0x000000008a100000, 0x000000008a200000|  0%| F|  |TAMS 0x000000008a100000, 0x000000008a100000| Untracked 
| 132|0x000000008a200000, 0x000000008a200000, 0x000000008a300000|  0%| F|  |TAMS 0x000000008a200000, 0x000000008a200000| Untracked 
| 133|0x000000008a300000, 0x000000008a300000, 0x000000008a400000|  0%| F|  |TAMS 0x000000008a300000, 0x000000008a300000| Untracked 
| 134|0x000000008a400000, 0x000000008a400000, 0x000000008a500000|  0%| F|  |TAMS 0x000000008a400000, 0x000000008a400000| Untracked 
| 135|0x000000008a500000, 0x000000008a500000, 0x000000008a600000|  0%| F|  |TAMS 0x000000008a500000, 0x000000008a500000| Untracked 
| 136|0x000000008a600000, 0x000000008a600000, 0x000000008a700000|  0%| F|  |TAMS 0x000000008a600000, 0x000000008a600000| Untracked 
| 137|0x000000008a700000, 0x000000008a800000, 0x000000008a800000|100%|HS|  |TAMS 0x000000008a700000, 0x000000008a700000| Complete 
| 138|0x000000008a800000, 0x000000008a900000, 0x000000008a900000|100%|HC|  |TAMS 0x000000008a800000, 0x000000008a800000| Complete 
| 139|0x000000008a900000, 0x000000008aa00000, 0x000000008aa00000|100%|HC|  |TAMS 0x000000008a900000, 0x000000008a900000| Complete 
| 140|0x000000008aa00000, 0x000000008ab00000, 0x000000008ab00000|100%| O|  |TAMS 0x000000008aa00000, 0x000000008aa00000| Untracked 
| 141|0x000000008ab00000, 0x000000008ac00000, 0x000000008ac00000|100%| O|  |TAMS 0x000000008ac00000, 0x000000008ab00000| Complete 
| 142|0x000000008ac00000, 0x000000008ad00000, 0x000000008ad00000|100%| O|  |TAMS 0x000000008ac00000, 0x000000008ac00000| Untracked 
| 143|0x000000008ad00000, 0x000000008ae00000, 0x000000008ae00000|100%| O|  |TAMS 0x000000008ae00000, 0x000000008ad00000| Untracked 
| 144|0x000000008ae00000, 0x000000008af00000, 0x000000008af00000|100%| O|  |TAMS 0x000000008ae00000, 0x000000008ae00000| Untracked 
| 145|0x000000008af00000, 0x000000008b000000, 0x000000008b000000|100%| O|  |TAMS 0x000000008b000000, 0x000000008af00000| Untracked 
| 146|0x000000008b000000, 0x000000008b100000, 0x000000008b100000|100%| O|  |TAMS 0x000000008b100000, 0x000000008b000000| Untracked 
| 147|0x000000008b100000, 0x000000008b200000, 0x000000008b200000|100%| O|  |TAMS 0x000000008b200000, 0x000000008b100000| Untracked 
| 148|0x000000008b200000, 0x000000008b300000, 0x000000008b300000|100%|HS|  |TAMS 0x000000008b200000, 0x000000008b200000| Complete 
| 149|0x000000008b300000, 0x000000008b400000, 0x000000008b400000|100%|HC|  |TAMS 0x000000008b300000, 0x000000008b300000| Complete 
| 150|0x000000008b400000, 0x000000008b500000, 0x000000008b500000|100%|HC|  |TAMS 0x000000008b400000, 0x000000008b400000| Complete 
| 151|0x000000008b500000, 0x000000008b600000, 0x000000008b600000|100%| O|  |TAMS 0x000000008b600000, 0x000000008b500000| Untracked 
| 152|0x000000008b600000, 0x000000008b700000, 0x000000008b700000|100%| O|  |TAMS 0x000000008b700000, 0x000000008b600000| Untracked 
| 153|0x000000008b700000, 0x000000008b800000, 0x000000008b800000|100%| O|  |TAMS 0x000000008b800000, 0x000000008b700000| Complete 
| 154|0x000000008b800000, 0x000000008b900000, 0x000000008b900000|100%|HS|  |TAMS 0x000000008b800000, 0x000000008b800000| Complete 
| 155|0x000000008b900000, 0x000000008ba00000, 0x000000008ba00000|100%|HC|  |TAMS 0x000000008b900000, 0x000000008b900000| Complete 
| 156|0x000000008ba00000, 0x000000008bb00000, 0x000000008bb00000|100%|HC|  |TAMS 0x000000008ba00000, 0x000000008ba00000| Complete 
| 157|0x000000008bb00000, 0x000000008bc00000, 0x000000008bc00000|100%| O|  |TAMS 0x000000008bb00000, 0x000000008bb00000| Untracked 
| 158|0x000000008bc00000, 0x000000008bd00000, 0x000000008bd00000|100%|HS|  |TAMS 0x000000008bd00000, 0x000000008bc00000| Complete 
| 159|0x000000008bd00000, 0x000000008be00000, 0x000000008be00000|100%|HC|  |TAMS 0x000000008be00000, 0x000000008bd00000| Complete 
| 160|0x000000008be00000, 0x000000008bf00000, 0x000000008bf00000|100%|HC|  |TAMS 0x000000008bf00000, 0x000000008be00000| Complete 
| 161|0x000000008bf00000, 0x000000008c000000, 0x000000008c000000|100%|HS|  |TAMS 0x000000008c000000, 0x000000008bf00000| Complete 
| 162|0x000000008c000000, 0x000000008c100000, 0x000000008c100000|100%|HC|  |TAMS 0x000000008c100000, 0x000000008c000000| Complete 
| 163|0x000000008c100000, 0x000000008c200000, 0x000000008c200000|100%|HC|  |TAMS 0x000000008c200000, 0x000000008c100000| Complete 
| 164|0x000000008c200000, 0x000000008c300000, 0x000000008c300000|100%|HS|  |TAMS 0x000000008c200000, 0x000000008c200000| Complete 
| 165|0x000000008c300000, 0x000000008c400000, 0x000000008c400000|100%|HC|  |TAMS 0x000000008c300000, 0x000000008c300000| Complete 
| 166|0x000000008c400000, 0x000000008c500000, 0x000000008c500000|100%|HC|  |TAMS 0x000000008c400000, 0x000000008c400000| Complete 
| 167|0x000000008c500000, 0x000000008c600000, 0x000000008c600000|100%|HS|  |TAMS 0x000000008c500000, 0x000000008c500000| Complete 
| 168|0x000000008c600000, 0x000000008c700000, 0x000000008c700000|100%|HC|  |TAMS 0x000000008c600000, 0x000000008c600000| Complete 
| 169|0x000000008c700000, 0x000000008c800000, 0x000000008c800000|100%|HC|  |TAMS 0x000000008c700000, 0x000000008c700000| Complete 
| 170|0x000000008c800000, 0x000000008c900000, 0x000000008c900000|100%| O|  |TAMS 0x000000008c800000, 0x000000008c800000| Untracked 
| 171|0x000000008c900000, 0x000000008ca00000, 0x000000008ca00000|100%| O|  |TAMS 0x000000008ca00000, 0x000000008c900000| Complete 
| 172|0x000000008ca00000, 0x000000008cb00000, 0x000000008cb00000|100%| O|  |TAMS 0x000000008cb00000, 0x000000008ca00000| Complete 
| 173|0x000000008cb00000, 0x000000008cc00000, 0x000000008cc00000|100%| S|CS|TAMS 0x000000008cb00000, 0x000000008cb00000| Complete 
| 174|0x000000008cc00000, 0x000000008cd00000, 0x000000008cd00000|100%| O|  |TAMS 0x000000008cd00000, 0x000000008cc00000| Complete 
| 175|0x000000008cd00000, 0x000000008ce00000, 0x000000008ce00000|100%|HS|  |TAMS 0x000000008cd00000, 0x000000008cd00000| Complete 
| 176|0x000000008ce00000, 0x000000008cf00000, 0x000000008cf00000|100%|HC|  |TAMS 0x000000008ce00000, 0x000000008ce00000| Complete 
| 177|0x000000008cf00000, 0x000000008d000000, 0x000000008d000000|100%|HC|  |TAMS 0x000000008cf00000, 0x000000008cf00000| Complete 
| 178|0x000000008d000000, 0x000000008d100000, 0x000000008d100000|100%| O|  |TAMS 0x000000008d100000, 0x000000008d000000| Untracked 
| 179|0x000000008d100000, 0x000000008d200000, 0x000000008d200000|100%| O|  |TAMS 0x000000008d200000, 0x000000008d100000| Complete 
| 180|0x000000008d200000, 0x000000008d300000, 0x000000008d300000|100%| O|  |TAMS 0x000000008d300000, 0x000000008d200000| Untracked 
| 181|0x000000008d300000, 0x000000008d400000, 0x000000008d400000|100%| O|  |TAMS 0x000000008d400000, 0x000000008d300000| Untracked 
| 182|0x000000008d400000, 0x000000008d500000, 0x000000008d500000|100%| O|  |TAMS 0x000000008d500000, 0x000000008d400000| Untracked 
| 183|0x000000008d500000, 0x000000008d600000, 0x000000008d600000|100%| O|  |TAMS 0x000000008d600000, 0x000000008d500000| Untracked 
| 184|0x000000008d600000, 0x000000008d700000, 0x000000008d700000|100%| O|  |TAMS 0x000000008d700000, 0x000000008d600000| Untracked 
| 185|0x000000008d700000, 0x000000008d800000, 0x000000008d800000|100%| O|  |TAMS 0x000000008d800000, 0x000000008d700000| Untracked 
| 186|0x000000008d800000, 0x000000008d900000, 0x000000008d900000|100%| O|  |TAMS 0x000000008d900000, 0x000000008d800000| Untracked 
| 187|0x000000008d900000, 0x000000008da00000, 0x000000008da00000|100%| O|  |TAMS 0x000000008da00000, 0x000000008d900000| Untracked 
| 188|0x000000008da00000, 0x000000008db00000, 0x000000008db00000|100%| O|  |TAMS 0x000000008db00000, 0x000000008da00000| Untracked 
| 189|0x000000008db00000, 0x000000008dc00000, 0x000000008dc00000|100%|HS|  |TAMS 0x000000008db00000, 0x000000008db00000| Complete 
| 190|0x000000008dc00000, 0x000000008dd00000, 0x000000008dd00000|100%|HC|  |TAMS 0x000000008dc00000, 0x000000008dc00000| Complete 
| 191|0x000000008dd00000, 0x000000008de00000, 0x000000008de00000|100%|HC|  |TAMS 0x000000008dd00000, 0x000000008dd00000| Complete 
| 192|0x000000008de00000, 0x000000008df00000, 0x000000008df00000|100%|HC|  |TAMS 0x000000008de00000, 0x000000008de00000| Complete 
| 193|0x000000008df00000, 0x000000008e000000, 0x000000008e000000|100%|HC|  |TAMS 0x000000008df00000, 0x000000008df00000| Complete 
| 194|0x000000008e000000, 0x000000008e100000, 0x000000008e100000|100%|HC|  |TAMS 0x000000008e000000, 0x000000008e000000| Complete 
| 195|0x000000008e100000, 0x000000008e200000, 0x000000008e200000|100%|HC|  |TAMS 0x000000008e100000, 0x000000008e100000| Complete 
| 196|0x000000008e200000, 0x000000008e300000, 0x000000008e300000|100%|HC|  |TAMS 0x000000008e200000, 0x000000008e200000| Complete 
| 197|0x000000008e300000, 0x000000008e400000, 0x000000008e400000|100%|HC|  |TAMS 0x000000008e300000, 0x000000008e300000| Complete 
| 198|0x000000008e400000, 0x000000008e500000, 0x000000008e500000|100%|HC|  |TAMS 0x000000008e400000, 0x000000008e400000| Complete 
| 199|0x000000008e500000, 0x000000008e600000, 0x000000008e600000|100%|HC|  |TAMS 0x000000008e500000, 0x000000008e500000| Complete 
| 200|0x000000008e600000, 0x000000008e700000, 0x000000008e700000|100%|HC|  |TAMS 0x000000008e600000, 0x000000008e600000| Complete 
| 201|0x000000008e700000, 0x000000008e800000, 0x000000008e800000|100%|HC|  |TAMS 0x000000008e700000, 0x000000008e700000| Complete 
| 202|0x000000008e800000, 0x000000008e900000, 0x000000008e900000|100%|HC|  |TAMS 0x000000008e800000, 0x000000008e800000| Complete 
| 203|0x000000008e900000, 0x000000008ea00000, 0x000000008ea00000|100%|HC|  |TAMS 0x000000008e900000, 0x000000008e900000| Complete 
| 204|0x000000008ea00000, 0x000000008eb00000, 0x000000008eb00000|100%|HC|  |TAMS 0x000000008ea00000, 0x000000008ea00000| Complete 
| 205|0x000000008eb00000, 0x000000008ec00000, 0x000000008ec00000|100%|HC|  |TAMS 0x000000008eb00000, 0x000000008eb00000| Complete 
| 206|0x000000008ec00000, 0x000000008ed00000, 0x000000008ed00000|100%|HC|  |TAMS 0x000000008ec00000, 0x000000008ec00000| Complete 
| 207|0x000000008ed00000, 0x000000008ee00000, 0x000000008ee00000|100%|HC|  |TAMS 0x000000008ed00000, 0x000000008ed00000| Complete 
| 208|0x000000008ee00000, 0x000000008ee00000, 0x000000008ef00000|  0%| F|  |TAMS 0x000000008ee00000, 0x000000008ee00000| Untracked 
| 209|0x000000008ef00000, 0x000000008ef00000, 0x000000008f000000|  0%| F|  |TAMS 0x000000008ef00000, 0x000000008ef00000| Untracked 
| 210|0x000000008f000000, 0x000000008f000000, 0x000000008f100000|  0%| F|  |TAMS 0x000000008f000000, 0x000000008f000000| Untracked 
| 211|0x000000008f100000, 0x000000008f100000, 0x000000008f200000|  0%| F|  |TAMS 0x000000008f100000, 0x000000008f100000| Untracked 
| 212|0x000000008f200000, 0x000000008f200000, 0x000000008f300000|  0%| F|  |TAMS 0x000000008f200000, 0x000000008f200000| Untracked 
| 213|0x000000008f300000, 0x000000008f300000, 0x000000008f400000|  0%| F|  |TAMS 0x000000008f300000, 0x000000008f300000| Untracked 
| 214|0x000000008f400000, 0x000000008f400000, 0x000000008f500000|  0%| F|  |TAMS 0x000000008f400000, 0x000000008f400000| Untracked 
| 215|0x000000008f500000, 0x000000008f500000, 0x000000008f600000|  0%| F|  |TAMS 0x000000008f500000, 0x000000008f500000| Untracked 
| 216|0x000000008f600000, 0x000000008f700000, 0x000000008f700000|100%|HS|  |TAMS 0x000000008f600000, 0x000000008f600000| Complete 
| 217|0x000000008f700000, 0x000000008f800000, 0x000000008f800000|100%|HC|  |TAMS 0x000000008f700000, 0x000000008f700000| Complete 
| 218|0x000000008f800000, 0x000000008f900000, 0x000000008f900000|100%|HC|  |TAMS 0x000000008f800000, 0x000000008f800000| Complete 
| 219|0x000000008f900000, 0x000000008fa00000, 0x000000008fa00000|100%|HS|  |TAMS 0x000000008f900000, 0x000000008f900000| Complete 
| 220|0x000000008fa00000, 0x000000008fb00000, 0x000000008fb00000|100%|HC|  |TAMS 0x000000008fa00000, 0x000000008fa00000| Complete 
| 221|0x000000008fb00000, 0x000000008fc00000, 0x000000008fc00000|100%|HC|  |TAMS 0x000000008fb00000, 0x000000008fb00000| Complete 
| 222|0x000000008fc00000, 0x000000008fd00000, 0x000000008fd00000|100%|HS|  |TAMS 0x000000008fc00000, 0x000000008fc00000| Complete 
| 223|0x000000008fd00000, 0x000000008fe00000, 0x000000008fe00000|100%|HC|  |TAMS 0x000000008fd00000, 0x000000008fd00000| Complete 
| 224|0x000000008fe00000, 0x000000008ff00000, 0x000000008ff00000|100%|HC|  |TAMS 0x000000008fe00000, 0x000000008fe00000| Complete 
| 225|0x000000008ff00000, 0x000000008ff00000, 0x0000000090000000|  0%| F|  |TAMS 0x000000008ff00000, 0x000000008ff00000| Untracked 
| 226|0x0000000090000000, 0x0000000090000000, 0x0000000090100000|  0%| F|  |TAMS 0x0000000090000000, 0x0000000090000000| Untracked 
| 227|0x0000000090100000, 0x0000000090200000, 0x0000000090200000|100%| S|CS|TAMS 0x0000000090100000, 0x0000000090100000| Complete 
| 228|0x0000000090200000, 0x0000000090300000, 0x0000000090300000|100%| O|  |TAMS 0x0000000090300000, 0x0000000090200000| Complete 
| 229|0x0000000090300000, 0x0000000090400000, 0x0000000090400000|100%| O|  |TAMS 0x0000000090400000, 0x0000000090300000| Untracked 
| 230|0x0000000090400000, 0x0000000090500000, 0x0000000090500000|100%| O|  |TAMS 0x0000000090500000, 0x0000000090400000| Untracked 
| 231|0x0000000090500000, 0x0000000090600000, 0x0000000090600000|100%| O|  |TAMS 0x0000000090600000, 0x0000000090500000| Untracked 
| 232|0x0000000090600000, 0x0000000090600000, 0x0000000090700000|  0%| F|  |TAMS 0x0000000090600000, 0x0000000090600000| Untracked 
| 233|0x0000000090700000, 0x0000000090700000, 0x0000000090800000|  0%| F|  |TAMS 0x0000000090700000, 0x0000000090700000| Untracked 
| 234|0x0000000090800000, 0x0000000090800000, 0x0000000090900000|  0%| F|  |TAMS 0x0000000090800000, 0x0000000090800000| Untracked 
| 235|0x0000000090900000, 0x0000000090900000, 0x0000000090a00000|  0%| F|  |TAMS 0x0000000090900000, 0x0000000090900000| Untracked 
| 236|0x0000000090a00000, 0x0000000090a00000, 0x0000000090b00000|  0%| F|  |TAMS 0x0000000090a00000, 0x0000000090a00000| Untracked 
| 237|0x0000000090b00000, 0x0000000090b00000, 0x0000000090c00000|  0%| F|  |TAMS 0x0000000090b00000, 0x0000000090b00000| Untracked 
| 238|0x0000000090c00000, 0x0000000090c00000, 0x0000000090d00000|  0%| F|  |TAMS 0x0000000090c00000, 0x0000000090c00000| Untracked 
| 239|0x0000000090d00000, 0x0000000090d00000, 0x0000000090e00000|  0%| F|  |TAMS 0x0000000090d00000, 0x0000000090d00000| Untracked 
| 240|0x0000000090e00000, 0x0000000090e00000, 0x0000000090f00000|  0%| F|  |TAMS 0x0000000090e00000, 0x0000000090e00000| Untracked 
| 241|0x0000000090f00000, 0x0000000091000000, 0x0000000091000000|100%|HS|  |TAMS 0x0000000090f00000, 0x0000000090f00000| Complete 
| 242|0x0000000091000000, 0x0000000091100000, 0x0000000091100000|100%|HC|  |TAMS 0x0000000091000000, 0x0000000091000000| Complete 
| 243|0x0000000091100000, 0x0000000091200000, 0x0000000091200000|100%|HC|  |TAMS 0x0000000091100000, 0x0000000091100000| Complete 
| 244|0x0000000091200000, 0x0000000091200000, 0x0000000091300000|  0%| F|  |TAMS 0x0000000091200000, 0x0000000091200000| Untracked 
| 245|0x0000000091300000, 0x0000000091300000, 0x0000000091400000|  0%| F|  |TAMS 0x0000000091300000, 0x0000000091300000| Untracked 
| 246|0x0000000091400000, 0x0000000091400000, 0x0000000091500000|  0%| F|  |TAMS 0x0000000091400000, 0x0000000091400000| Untracked 
| 247|0x0000000091500000, 0x0000000091600000, 0x0000000091600000|100%| O|  |TAMS 0x0000000091600000, 0x0000000091500000| Complete 
| 248|0x0000000091600000, 0x0000000091700000, 0x0000000091700000|100%|HS|  |TAMS 0x0000000091600000, 0x0000000091600000| Complete 
| 249|0x0000000091700000, 0x0000000091800000, 0x0000000091800000|100%|HC|  |TAMS 0x0000000091700000, 0x0000000091700000| Complete 
| 250|0x0000000091800000, 0x0000000091900000, 0x0000000091900000|100%|HC|  |TAMS 0x0000000091800000, 0x0000000091800000| Complete 
| 251|0x0000000091900000, 0x0000000091a00000, 0x0000000091a00000|100%|HC|  |TAMS 0x0000000091900000, 0x0000000091900000| Complete 
| 252|0x0000000091a00000, 0x0000000091b00000, 0x0000000091b00000|100%|HC|  |TAMS 0x0000000091a00000, 0x0000000091a00000| Complete 
| 253|0x0000000091b00000, 0x0000000091c00000, 0x0000000091c00000|100%|HC|  |TAMS 0x0000000091b00000, 0x0000000091b00000| Complete 
| 254|0x0000000091c00000, 0x0000000091d00000, 0x0000000091d00000|100%|HC|  |TAMS 0x0000000091c00000, 0x0000000091c00000| Complete 
| 255|0x0000000091d00000, 0x0000000091e00000, 0x0000000091e00000|100%|HC|  |TAMS 0x0000000091d00000, 0x0000000091d00000| Complete 
| 256|0x0000000091e00000, 0x0000000091f00000, 0x0000000091f00000|100%|HC|  |TAMS 0x0000000091e00000, 0x0000000091e00000| Complete 
| 257|0x0000000091f00000, 0x0000000092000000, 0x0000000092000000|100%|HC|  |TAMS 0x0000000091f00000, 0x0000000091f00000| Complete 
| 258|0x0000000092000000, 0x0000000092100000, 0x0000000092100000|100%|HC|  |TAMS 0x0000000092000000, 0x0000000092000000| Complete 
| 259|0x0000000092100000, 0x0000000092200000, 0x0000000092200000|100%|HC|  |TAMS 0x0000000092100000, 0x0000000092100000| Complete 
| 260|0x0000000092200000, 0x0000000092300000, 0x0000000092300000|100%|HC|  |TAMS 0x0000000092200000, 0x0000000092200000| Complete 
| 261|0x0000000092300000, 0x0000000092400000, 0x0000000092400000|100%|HC|  |TAMS 0x0000000092300000, 0x0000000092300000| Complete 
| 262|0x0000000092400000, 0x0000000092500000, 0x0000000092500000|100%|HC|  |TAMS 0x0000000092400000, 0x0000000092400000| Complete 
| 263|0x0000000092500000, 0x0000000092600000, 0x0000000092600000|100%|HC|  |TAMS 0x0000000092500000, 0x0000000092500000| Complete 
| 264|0x0000000092600000, 0x0000000092700000, 0x0000000092700000|100%|HC|  |TAMS 0x0000000092600000, 0x0000000092600000| Complete 
| 265|0x0000000092700000, 0x0000000092800000, 0x0000000092800000|100%|HC|  |TAMS 0x0000000092700000, 0x0000000092700000| Complete 
| 266|0x0000000092800000, 0x0000000092900000, 0x0000000092900000|100%|HC|  |TAMS 0x0000000092800000, 0x0000000092800000| Complete 
| 267|0x0000000092900000, 0x0000000092a00000, 0x0000000092a00000|100%|HS|  |TAMS 0x0000000092900000, 0x0000000092900000| Complete 
| 268|0x0000000092a00000, 0x0000000092b00000, 0x0000000092b00000|100%|HC|  |TAMS 0x0000000092a00000, 0x0000000092a00000| Complete 
| 269|0x0000000092b00000, 0x0000000092c00000, 0x0000000092c00000|100%|HC|  |TAMS 0x0000000092b00000, 0x0000000092b00000| Complete 
| 270|0x0000000092c00000, 0x0000000092d00000, 0x0000000092d00000|100%|HC|  |TAMS 0x0000000092c00000, 0x0000000092c00000| Complete 
| 271|0x0000000092d00000, 0x0000000092e00000, 0x0000000092e00000|100%|HC|  |TAMS 0x0000000092d00000, 0x0000000092d00000| Complete 
| 272|0x0000000092e00000, 0x0000000092f00000, 0x0000000092f00000|100%|HC|  |TAMS 0x0000000092e00000, 0x0000000092e00000| Complete 
| 273|0x0000000092f00000, 0x0000000093000000, 0x0000000093000000|100%|HC|  |TAMS 0x0000000092f00000, 0x0000000092f00000| Complete 
| 274|0x0000000093000000, 0x0000000093100000, 0x0000000093100000|100%|HC|  |TAMS 0x0000000093000000, 0x0000000093000000| Complete 
| 275|0x0000000093100000, 0x0000000093200000, 0x0000000093200000|100%|HC|  |TAMS 0x0000000093100000, 0x0000000093100000| Complete 
| 276|0x0000000093200000, 0x0000000093300000, 0x0000000093300000|100%|HC|  |TAMS 0x0000000093200000, 0x0000000093200000| Complete 
| 277|0x0000000093300000, 0x0000000093400000, 0x0000000093400000|100%|HC|  |TAMS 0x0000000093300000, 0x0000000093300000| Complete 
| 278|0x0000000093400000, 0x0000000093500000, 0x0000000093500000|100%|HC|  |TAMS 0x0000000093400000, 0x0000000093400000| Complete 
| 279|0x0000000093500000, 0x0000000093600000, 0x0000000093600000|100%|HC|  |TAMS 0x0000000093500000, 0x0000000093500000| Complete 
| 280|0x0000000093600000, 0x0000000093700000, 0x0000000093700000|100%|HC|  |TAMS 0x0000000093600000, 0x0000000093600000| Complete 
| 281|0x0000000093700000, 0x0000000093800000, 0x0000000093800000|100%|HC|  |TAMS 0x0000000093700000, 0x0000000093700000| Complete 
| 282|0x0000000093800000, 0x0000000093900000, 0x0000000093900000|100%|HC|  |TAMS 0x0000000093800000, 0x0000000093800000| Complete 
| 283|0x0000000093900000, 0x0000000093a00000, 0x0000000093a00000|100%|HC|  |TAMS 0x0000000093900000, 0x0000000093900000| Complete 
| 284|0x0000000093a00000, 0x0000000093b00000, 0x0000000093b00000|100%|HC|  |TAMS 0x0000000093a00000, 0x0000000093a00000| Complete 
| 285|0x0000000093b00000, 0x0000000093c00000, 0x0000000093c00000|100%|HC|  |TAMS 0x0000000093b00000, 0x0000000093b00000| Complete 
| 286|0x0000000093c00000, 0x0000000093d00000, 0x0000000093d00000|100%|HS|  |TAMS 0x0000000093c00000, 0x0000000093c00000| Complete 
| 287|0x0000000093d00000, 0x0000000093e00000, 0x0000000093e00000|100%|HC|  |TAMS 0x0000000093d00000, 0x0000000093d00000| Complete 
| 288|0x0000000093e00000, 0x0000000093f00000, 0x0000000093f00000|100%|HC|  |TAMS 0x0000000093e00000, 0x0000000093e00000| Complete 
| 289|0x0000000093f00000, 0x0000000094000000, 0x0000000094000000|100%|HC|  |TAMS 0x0000000093f00000, 0x0000000093f00000| Complete 
| 290|0x0000000094000000, 0x0000000094100000, 0x0000000094100000|100%|HC|  |TAMS 0x0000000094000000, 0x0000000094000000| Complete 
| 291|0x0000000094100000, 0x0000000094200000, 0x0000000094200000|100%|HC|  |TAMS 0x0000000094100000, 0x0000000094100000| Complete 
| 292|0x0000000094200000, 0x0000000094300000, 0x0000000094300000|100%|HC|  |TAMS 0x0000000094200000, 0x0000000094200000| Complete 
| 293|0x0000000094300000, 0x0000000094400000, 0x0000000094400000|100%|HC|  |TAMS 0x0000000094300000, 0x0000000094300000| Complete 
| 294|0x0000000094400000, 0x0000000094500000, 0x0000000094500000|100%|HC|  |TAMS 0x0000000094400000, 0x0000000094400000| Complete 
| 295|0x0000000094500000, 0x0000000094600000, 0x0000000094600000|100%|HC|  |TAMS 0x0000000094500000, 0x0000000094500000| Complete 
| 296|0x0000000094600000, 0x0000000094700000, 0x0000000094700000|100%|HC|  |TAMS 0x0000000094600000, 0x0000000094600000| Complete 
| 297|0x0000000094700000, 0x0000000094800000, 0x0000000094800000|100%|HC|  |TAMS 0x0000000094700000, 0x0000000094700000| Complete 
| 298|0x0000000094800000, 0x0000000094900000, 0x0000000094900000|100%|HC|  |TAMS 0x0000000094800000, 0x0000000094800000| Complete 
| 299|0x0000000094900000, 0x0000000094a00000, 0x0000000094a00000|100%|HC|  |TAMS 0x0000000094900000, 0x0000000094900000| Complete 
| 300|0x0000000094a00000, 0x0000000094b00000, 0x0000000094b00000|100%|HS|  |TAMS 0x0000000094a00000, 0x0000000094a00000| Complete 
| 301|0x0000000094b00000, 0x0000000094c00000, 0x0000000094c00000|100%|HC|  |TAMS 0x0000000094b00000, 0x0000000094b00000| Complete 
| 302|0x0000000094c00000, 0x0000000094d00000, 0x0000000094d00000|100%|HC|  |TAMS 0x0000000094c00000, 0x0000000094c00000| Complete 
| 303|0x0000000094d00000, 0x0000000094e00000, 0x0000000094e00000|100%|HC|  |TAMS 0x0000000094d00000, 0x0000000094d00000| Complete 
| 304|0x0000000094e00000, 0x0000000094f00000, 0x0000000094f00000|100%|HC|  |TAMS 0x0000000094e00000, 0x0000000094e00000| Complete 
| 305|0x0000000094f00000, 0x0000000095000000, 0x0000000095000000|100%|HC|  |TAMS 0x0000000094f00000, 0x0000000094f00000| Complete 
| 306|0x0000000095000000, 0x0000000095100000, 0x0000000095100000|100%|HC|  |TAMS 0x0000000095000000, 0x0000000095000000| Complete 
| 307|0x0000000095100000, 0x0000000095200000, 0x0000000095200000|100%|HC|  |TAMS 0x0000000095100000, 0x0000000095100000| Complete 
| 308|0x0000000095200000, 0x0000000095300000, 0x0000000095300000|100%|HC|  |TAMS 0x0000000095200000, 0x0000000095200000| Complete 
| 309|0x0000000095300000, 0x0000000095400000, 0x0000000095400000|100%|HC|  |TAMS 0x0000000095300000, 0x0000000095300000| Complete 
| 310|0x0000000095400000, 0x0000000095500000, 0x0000000095500000|100%|HC|  |TAMS 0x0000000095400000, 0x0000000095400000| Complete 
| 311|0x0000000095500000, 0x0000000095600000, 0x0000000095600000|100%|HC|  |TAMS 0x0000000095500000, 0x0000000095500000| Complete 
| 312|0x0000000095600000, 0x0000000095700000, 0x0000000095700000|100%|HC|  |TAMS 0x0000000095600000, 0x0000000095600000| Complete 
| 313|0x0000000095700000, 0x0000000095800000, 0x0000000095800000|100%|HC|  |TAMS 0x0000000095700000, 0x0000000095700000| Complete 
| 314|0x0000000095800000, 0x0000000095800000, 0x0000000095900000|  0%| F|  |TAMS 0x0000000095800000, 0x0000000095800000| Untracked 
| 315|0x0000000095900000, 0x0000000095a00000, 0x0000000095a00000|100%| S|CS|TAMS 0x0000000095900000, 0x0000000095900000| Complete 
| 316|0x0000000095a00000, 0x0000000095b00000, 0x0000000095b00000|100%| O|  |TAMS 0x0000000095b00000, 0x0000000095a00000| Complete 
| 317|0x0000000095b00000, 0x0000000095c00000, 0x0000000095c00000|100%|HS|  |TAMS 0x0000000095b00000, 0x0000000095b00000| Complete 
| 318|0x0000000095c00000, 0x0000000095d00000, 0x0000000095d00000|100%|HC|  |TAMS 0x0000000095c00000, 0x0000000095c00000| Complete 
| 319|0x0000000095d00000, 0x0000000095e00000, 0x0000000095e00000|100%|HC|  |TAMS 0x0000000095d00000, 0x0000000095d00000| Complete 
| 320|0x0000000095e00000, 0x0000000095f00000, 0x0000000095f00000|100%|HC|  |TAMS 0x0000000095e00000, 0x0000000095e00000| Complete 
| 321|0x0000000095f00000, 0x0000000096000000, 0x0000000096000000|100%|HC|  |TAMS 0x0000000095f00000, 0x0000000095f00000| Complete 
| 322|0x0000000096000000, 0x0000000096100000, 0x0000000096100000|100%|HC|  |TAMS 0x0000000096000000, 0x0000000096000000| Complete 
| 323|0x0000000096100000, 0x0000000096200000, 0x0000000096200000|100%|HC|  |TAMS 0x0000000096100000, 0x0000000096100000| Complete 
| 324|0x0000000096200000, 0x0000000096300000, 0x0000000096300000|100%|HC|  |TAMS 0x0000000096200000, 0x0000000096200000| Complete 
| 325|0x0000000096300000, 0x0000000096400000, 0x0000000096400000|100%|HC|  |TAMS 0x0000000096300000, 0x0000000096300000| Complete 
| 326|0x0000000096400000, 0x0000000096500000, 0x0000000096500000|100%|HC|  |TAMS 0x0000000096400000, 0x0000000096400000| Complete 
| 327|0x0000000096500000, 0x0000000096600000, 0x0000000096600000|100%|HC|  |TAMS 0x0000000096500000, 0x0000000096500000| Complete 
| 328|0x0000000096600000, 0x0000000096700000, 0x0000000096700000|100%|HC|  |TAMS 0x0000000096600000, 0x0000000096600000| Complete 
| 329|0x0000000096700000, 0x0000000096800000, 0x0000000096800000|100%|HC|  |TAMS 0x0000000096700000, 0x0000000096700000| Complete 
| 330|0x0000000096800000, 0x0000000096900000, 0x0000000096900000|100%|HC|  |TAMS 0x0000000096800000, 0x0000000096800000| Complete 
| 331|0x0000000096900000, 0x0000000096a00000, 0x0000000096a00000|100%|HC|  |TAMS 0x0000000096900000, 0x0000000096900000| Complete 
| 332|0x0000000096a00000, 0x0000000096b00000, 0x0000000096b00000|100%|HC|  |TAMS 0x0000000096a00000, 0x0000000096a00000| Complete 
| 333|0x0000000096b00000, 0x0000000096c00000, 0x0000000096c00000|100%|HC|  |TAMS 0x0000000096b00000, 0x0000000096b00000| Complete 
| 334|0x0000000096c00000, 0x0000000096d00000, 0x0000000096d00000|100%|HC|  |TAMS 0x0000000096c00000, 0x0000000096c00000| Complete 
| 335|0x0000000096d00000, 0x0000000096e00000, 0x0000000096e00000|100%|HC|  |TAMS 0x0000000096d00000, 0x0000000096d00000| Complete 
| 336|0x0000000096e00000, 0x0000000096f00000, 0x0000000096f00000|100%|HS|  |TAMS 0x0000000096e00000, 0x0000000096e00000| Complete 
| 337|0x0000000096f00000, 0x0000000097000000, 0x0000000097000000|100%|HC|  |TAMS 0x0000000096f00000, 0x0000000096f00000| Complete 
| 338|0x0000000097000000, 0x0000000097100000, 0x0000000097100000|100%|HC|  |TAMS 0x0000000097000000, 0x0000000097000000| Complete 
| 339|0x0000000097100000, 0x0000000097200000, 0x0000000097200000|100%|HC|  |TAMS 0x0000000097100000, 0x0000000097100000| Complete 
| 340|0x0000000097200000, 0x0000000097300000, 0x0000000097300000|100%|HC|  |TAMS 0x0000000097200000, 0x0000000097200000| Complete 
| 341|0x0000000097300000, 0x0000000097400000, 0x0000000097400000|100%|HC|  |TAMS 0x0000000097300000, 0x0000000097300000| Complete 
| 342|0x0000000097400000, 0x0000000097500000, 0x0000000097500000|100%|HC|  |TAMS 0x0000000097400000, 0x0000000097400000| Complete 
| 343|0x0000000097500000, 0x0000000097600000, 0x0000000097600000|100%|HC|  |TAMS 0x0000000097500000, 0x0000000097500000| Complete 
| 344|0x0000000097600000, 0x0000000097700000, 0x0000000097700000|100%|HC|  |TAMS 0x0000000097600000, 0x0000000097600000| Complete 
| 345|0x0000000097700000, 0x0000000097800000, 0x0000000097800000|100%|HC|  |TAMS 0x0000000097700000, 0x0000000097700000| Complete 
| 346|0x0000000097800000, 0x0000000097900000, 0x0000000097900000|100%|HC|  |TAMS 0x0000000097800000, 0x0000000097800000| Complete 
| 347|0x0000000097900000, 0x0000000097a00000, 0x0000000097a00000|100%|HC|  |TAMS 0x0000000097900000, 0x0000000097900000| Complete 
| 348|0x0000000097a00000, 0x0000000097b00000, 0x0000000097b00000|100%|HC|  |TAMS 0x0000000097a00000, 0x0000000097a00000| Complete 
| 349|0x0000000097b00000, 0x0000000097c00000, 0x0000000097c00000|100%|HC|  |TAMS 0x0000000097b00000, 0x0000000097b00000| Complete 
| 350|0x0000000097c00000, 0x0000000097c00000, 0x0000000097d00000|  0%| F|  |TAMS 0x0000000097c00000, 0x0000000097c00000| Untracked 
| 351|0x0000000097d00000, 0x0000000097d00000, 0x0000000097e00000|  0%| F|  |TAMS 0x0000000097d00000, 0x0000000097d00000| Untracked 
| 352|0x0000000097e00000, 0x0000000097e00000, 0x0000000097f00000|  0%| F|  |TAMS 0x0000000097e00000, 0x0000000097e00000| Untracked 
| 353|0x0000000097f00000, 0x0000000097f00000, 0x0000000098000000|  0%| F|  |TAMS 0x0000000097f00000, 0x0000000097f00000| Untracked 
| 354|0x0000000098000000, 0x0000000098000000, 0x0000000098100000|  0%| F|  |TAMS 0x0000000098000000, 0x0000000098000000| Untracked 
| 355|0x0000000098100000, 0x0000000098100000, 0x0000000098200000|  0%| F|  |TAMS 0x0000000098100000, 0x0000000098100000| Untracked 
| 356|0x0000000098200000, 0x0000000098200000, 0x0000000098300000|  0%| F|  |TAMS 0x0000000098200000, 0x0000000098200000| Untracked 
| 357|0x0000000098300000, 0x0000000098300000, 0x0000000098400000|  0%| F|  |TAMS 0x0000000098300000, 0x0000000098300000| Untracked 
| 358|0x0000000098400000, 0x0000000098400000, 0x0000000098500000|  0%| F|  |TAMS 0x0000000098400000, 0x0000000098400000| Untracked 
| 359|0x0000000098500000, 0x0000000098500000, 0x0000000098600000|  0%| F|  |TAMS 0x0000000098500000, 0x0000000098500000| Untracked 
| 360|0x0000000098600000, 0x0000000098600000, 0x0000000098700000|  0%| F|  |TAMS 0x0000000098600000, 0x0000000098600000| Untracked 
| 361|0x0000000098700000, 0x0000000098700000, 0x0000000098800000|  0%| F|  |TAMS 0x0000000098700000, 0x0000000098700000| Untracked 
| 362|0x0000000098800000, 0x0000000098900000, 0x0000000098900000|100%|HS|  |TAMS 0x0000000098800000, 0x0000000098800000| Complete 
| 363|0x0000000098900000, 0x0000000098a00000, 0x0000000098a00000|100%|HC|  |TAMS 0x0000000098900000, 0x0000000098900000| Complete 
| 364|0x0000000098a00000, 0x0000000098b00000, 0x0000000098b00000|100%|HC|  |TAMS 0x0000000098a00000, 0x0000000098a00000| Complete 
| 365|0x0000000098b00000, 0x0000000098c00000, 0x0000000098c00000|100%|HC|  |TAMS 0x0000000098b00000, 0x0000000098b00000| Complete 
| 366|0x0000000098c00000, 0x0000000098d00000, 0x0000000098d00000|100%|HC|  |TAMS 0x0000000098c00000, 0x0000000098c00000| Complete 
| 367|0x0000000098d00000, 0x0000000098e00000, 0x0000000098e00000|100%|HC|  |TAMS 0x0000000098d00000, 0x0000000098d00000| Complete 
| 368|0x0000000098e00000, 0x0000000098f00000, 0x0000000098f00000|100%|HC|  |TAMS 0x0000000098e00000, 0x0000000098e00000| Complete 
| 369|0x0000000098f00000, 0x0000000099000000, 0x0000000099000000|100%|HC|  |TAMS 0x0000000098f00000, 0x0000000098f00000| Complete 
| 370|0x0000000099000000, 0x0000000099100000, 0x0000000099100000|100%|HC|  |TAMS 0x0000000099000000, 0x0000000099000000| Complete 
| 371|0x0000000099100000, 0x0000000099200000, 0x0000000099200000|100%|HC|  |TAMS 0x0000000099100000, 0x0000000099100000| Complete 
| 372|0x0000000099200000, 0x0000000099300000, 0x0000000099300000|100%| S|CS|TAMS 0x0000000099200000, 0x0000000099200000| Complete 
| 373|0x0000000099300000, 0x0000000099400000, 0x0000000099400000|100%| S|CS|TAMS 0x0000000099300000, 0x0000000099300000| Complete 
| 374|0x0000000099400000, 0x0000000099500000, 0x0000000099500000|100%| O|  |TAMS 0x0000000099500000, 0x0000000099400000| Untracked 
| 375|0x0000000099500000, 0x0000000099600000, 0x0000000099600000|100%|HS|  |TAMS 0x0000000099500000, 0x0000000099500000| Complete 
| 376|0x0000000099600000, 0x0000000099700000, 0x0000000099700000|100%|HC|  |TAMS 0x0000000099600000, 0x0000000099600000| Complete 
| 377|0x0000000099700000, 0x0000000099800000, 0x0000000099800000|100%|HC|  |TAMS 0x0000000099700000, 0x0000000099700000| Complete 
| 378|0x0000000099800000, 0x0000000099900000, 0x0000000099900000|100%|HC|  |TAMS 0x0000000099800000, 0x0000000099800000| Complete 
| 379|0x0000000099900000, 0x0000000099a00000, 0x0000000099a00000|100%|HC|  |TAMS 0x0000000099900000, 0x0000000099900000| Complete 
| 380|0x0000000099a00000, 0x0000000099b00000, 0x0000000099b00000|100%|HC|  |TAMS 0x0000000099a00000, 0x0000000099a00000| Complete 
| 381|0x0000000099b00000, 0x0000000099c00000, 0x0000000099c00000|100%|HC|  |TAMS 0x0000000099b00000, 0x0000000099b00000| Complete 
| 382|0x0000000099c00000, 0x0000000099d00000, 0x0000000099d00000|100%|HC|  |TAMS 0x0000000099c00000, 0x0000000099c00000| Complete 
| 383|0x0000000099d00000, 0x0000000099e00000, 0x0000000099e00000|100%|HC|  |TAMS 0x0000000099d00000, 0x0000000099d00000| Complete 
| 384|0x0000000099e00000, 0x0000000099f00000, 0x0000000099f00000|100%|HC|  |TAMS 0x0000000099e00000, 0x0000000099e00000| Complete 
| 385|0x0000000099f00000, 0x000000009a000000, 0x000000009a000000|100%|HC|  |TAMS 0x0000000099f00000, 0x0000000099f00000| Complete 
| 386|0x000000009a000000, 0x000000009a100000, 0x000000009a100000|100%|HC|  |TAMS 0x000000009a000000, 0x000000009a000000| Complete 
| 387|0x000000009a100000, 0x000000009a200000, 0x000000009a200000|100%|HC|  |TAMS 0x000000009a100000, 0x000000009a100000| Complete 
| 388|0x000000009a200000, 0x000000009a300000, 0x000000009a300000|100%|HC|  |TAMS 0x000000009a200000, 0x000000009a200000| Complete 
| 389|0x000000009a300000, 0x000000009a300000, 0x000000009a400000|  0%| F|  |TAMS 0x000000009a300000, 0x000000009a300000| Untracked 
| 390|0x000000009a400000, 0x000000009a500000, 0x000000009a500000|100%|HS|  |TAMS 0x000000009a400000, 0x000000009a400000| Complete 
| 391|0x000000009a500000, 0x000000009a600000, 0x000000009a600000|100%|HC|  |TAMS 0x000000009a500000, 0x000000009a500000| Complete 
| 392|0x000000009a600000, 0x000000009a700000, 0x000000009a700000|100%|HC|  |TAMS 0x000000009a600000, 0x000000009a600000| Complete 
| 393|0x000000009a700000, 0x000000009a800000, 0x000000009a800000|100%|HC|  |TAMS 0x000000009a700000, 0x000000009a700000| Complete 
| 394|0x000000009a800000, 0x000000009a900000, 0x000000009a900000|100%|HC|  |TAMS 0x000000009a800000, 0x000000009a800000| Complete 
| 395|0x000000009a900000, 0x000000009aa00000, 0x000000009aa00000|100%|HC|  |TAMS 0x000000009a900000, 0x000000009a900000| Complete 
| 396|0x000000009aa00000, 0x000000009ab00000, 0x000000009ab00000|100%|HC|  |TAMS 0x000000009aa00000, 0x000000009aa00000| Complete 
| 397|0x000000009ab00000, 0x000000009ac00000, 0x000000009ac00000|100%|HC|  |TAMS 0x000000009ab00000, 0x000000009ab00000| Complete 
| 398|0x000000009ac00000, 0x000000009ad00000, 0x000000009ad00000|100%|HC|  |TAMS 0x000000009ac00000, 0x000000009ac00000| Complete 
| 399|0x000000009ad00000, 0x000000009ae00000, 0x000000009ae00000|100%|HC|  |TAMS 0x000000009ad00000, 0x000000009ad00000| Complete 
| 400|0x000000009ae00000, 0x000000009af00000, 0x000000009af00000|100%|HS|  |TAMS 0x000000009ae00000, 0x000000009ae00000| Complete 
| 401|0x000000009af00000, 0x000000009b000000, 0x000000009b000000|100%|HC|  |TAMS 0x000000009af00000, 0x000000009af00000| Complete 
| 402|0x000000009b000000, 0x000000009b100000, 0x000000009b100000|100%|HC|  |TAMS 0x000000009b000000, 0x000000009b000000| Complete 
| 403|0x000000009b100000, 0x000000009b200000, 0x000000009b200000|100%|HC|  |TAMS 0x000000009b100000, 0x000000009b100000| Complete 
| 404|0x000000009b200000, 0x000000009b300000, 0x000000009b300000|100%|HC|  |TAMS 0x000000009b200000, 0x000000009b200000| Complete 
| 405|0x000000009b300000, 0x000000009b400000, 0x000000009b400000|100%|HC|  |TAMS 0x000000009b300000, 0x000000009b300000| Complete 
| 406|0x000000009b400000, 0x000000009b500000, 0x000000009b500000|100%|HC|  |TAMS 0x000000009b400000, 0x000000009b400000| Complete 
| 407|0x000000009b500000, 0x000000009b600000, 0x000000009b600000|100%|HC|  |TAMS 0x000000009b500000, 0x000000009b500000| Complete 
| 408|0x000000009b600000, 0x000000009b700000, 0x000000009b700000|100%|HC|  |TAMS 0x000000009b600000, 0x000000009b600000| Complete 
| 409|0x000000009b700000, 0x000000009b800000, 0x000000009b800000|100%|HC|  |TAMS 0x000000009b700000, 0x000000009b700000| Complete 
| 410|0x000000009b800000, 0x000000009b900000, 0x000000009b900000|100%|HS|  |TAMS 0x000000009b800000, 0x000000009b800000| Complete 
| 411|0x000000009b900000, 0x000000009ba00000, 0x000000009ba00000|100%|HC|  |TAMS 0x000000009b900000, 0x000000009b900000| Complete 
| 412|0x000000009ba00000, 0x000000009bb00000, 0x000000009bb00000|100%|HC|  |TAMS 0x000000009ba00000, 0x000000009ba00000| Complete 
| 413|0x000000009bb00000, 0x000000009bc00000, 0x000000009bc00000|100%|HC|  |TAMS 0x000000009bb00000, 0x000000009bb00000| Complete 
| 414|0x000000009bc00000, 0x000000009bd00000, 0x000000009bd00000|100%|HC|  |TAMS 0x000000009bc00000, 0x000000009bc00000| Complete 
| 415|0x000000009bd00000, 0x000000009be00000, 0x000000009be00000|100%|HC|  |TAMS 0x000000009bd00000, 0x000000009bd00000| Complete 
| 416|0x000000009be00000, 0x000000009bf00000, 0x000000009bf00000|100%|HC|  |TAMS 0x000000009be00000, 0x000000009be00000| Complete 
| 417|0x000000009bf00000, 0x000000009c000000, 0x000000009c000000|100%|HC|  |TAMS 0x000000009bf00000, 0x000000009bf00000| Complete 
| 418|0x000000009c000000, 0x000000009c100000, 0x000000009c100000|100%|HC|  |TAMS 0x000000009c000000, 0x000000009c000000| Complete 
| 419|0x000000009c100000, 0x000000009c200000, 0x000000009c200000|100%|HC|  |TAMS 0x000000009c100000, 0x000000009c100000| Complete 
| 420|0x000000009c200000, 0x000000009c300000, 0x000000009c300000|100%|HS|  |TAMS 0x000000009c200000, 0x000000009c200000| Complete 
| 421|0x000000009c300000, 0x000000009c400000, 0x000000009c400000|100%|HC|  |TAMS 0x000000009c300000, 0x000000009c300000| Complete 
| 422|0x000000009c400000, 0x000000009c500000, 0x000000009c500000|100%|HC|  |TAMS 0x000000009c400000, 0x000000009c400000| Complete 
| 423|0x000000009c500000, 0x000000009c600000, 0x000000009c600000|100%|HC|  |TAMS 0x000000009c500000, 0x000000009c500000| Complete 
| 424|0x000000009c600000, 0x000000009c700000, 0x000000009c700000|100%|HC|  |TAMS 0x000000009c600000, 0x000000009c600000| Complete 
| 425|0x000000009c700000, 0x000000009c800000, 0x000000009c800000|100%|HC|  |TAMS 0x000000009c700000, 0x000000009c700000| Complete 
| 426|0x000000009c800000, 0x000000009c900000, 0x000000009c900000|100%|HC|  |TAMS 0x000000009c800000, 0x000000009c800000| Complete 
| 427|0x000000009c900000, 0x000000009ca00000, 0x000000009ca00000|100%|HC|  |TAMS 0x000000009c900000, 0x000000009c900000| Complete 
| 428|0x000000009ca00000, 0x000000009cb00000, 0x000000009cb00000|100%|HC|  |TAMS 0x000000009ca00000, 0x000000009ca00000| Complete 
| 429|0x000000009cb00000, 0x000000009cc00000, 0x000000009cc00000|100%|HC|  |TAMS 0x000000009cb00000, 0x000000009cb00000| Complete 
| 430|0x000000009cc00000, 0x000000009cd00000, 0x000000009cd00000|100%|HC|  |TAMS 0x000000009cc00000, 0x000000009cc00000| Complete 
| 431|0x000000009cd00000, 0x000000009ce00000, 0x000000009ce00000|100%|HC|  |TAMS 0x000000009cd00000, 0x000000009cd00000| Complete 
| 432|0x000000009ce00000, 0x000000009cf00000, 0x000000009cf00000|100%|HC|  |TAMS 0x000000009ce00000, 0x000000009ce00000| Complete 
| 433|0x000000009cf00000, 0x000000009d000000, 0x000000009d000000|100%|HC|  |TAMS 0x000000009cf00000, 0x000000009cf00000| Complete 
| 434|0x000000009d000000, 0x000000009d100000, 0x000000009d100000|100%|HC|  |TAMS 0x000000009d000000, 0x000000009d000000| Complete 
| 435|0x000000009d100000, 0x000000009d200000, 0x000000009d200000|100%|HC|  |TAMS 0x000000009d100000, 0x000000009d100000| Complete 
| 436|0x000000009d200000, 0x000000009d300000, 0x000000009d300000|100%|HC|  |TAMS 0x000000009d200000, 0x000000009d200000| Complete 
| 437|0x000000009d300000, 0x000000009d400000, 0x000000009d400000|100%|HC|  |TAMS 0x000000009d300000, 0x000000009d300000| Complete 
| 438|0x000000009d400000, 0x000000009d500000, 0x000000009d500000|100%|HC|  |TAMS 0x000000009d400000, 0x000000009d400000| Complete 
| 439|0x000000009d500000, 0x000000009d600000, 0x000000009d600000|100%| S|CS|TAMS 0x000000009d500000, 0x000000009d500000| Complete 
| 440|0x000000009d600000, 0x000000009d700000, 0x000000009d700000|100%| S|CS|TAMS 0x000000009d600000, 0x000000009d600000| Complete 
| 441|0x000000009d700000, 0x000000009d800000, 0x000000009d800000|100%| S|CS|TAMS 0x000000009d700000, 0x000000009d700000| Complete 
| 442|0x000000009d800000, 0x000000009d900000, 0x000000009d900000|100%|HS|  |TAMS 0x000000009d900000, 0x000000009d800000| Complete 
| 443|0x000000009d900000, 0x000000009da00000, 0x000000009da00000|100%|HC|  |TAMS 0x000000009da00000, 0x000000009d900000| Complete 
| 444|0x000000009da00000, 0x000000009db00000, 0x000000009db00000|100%|HC|  |TAMS 0x000000009db00000, 0x000000009da00000| Complete 
| 445|0x000000009db00000, 0x000000009dc00000, 0x000000009dc00000|100%| S|CS|TAMS 0x000000009db00000, 0x000000009db00000| Complete 
| 446|0x000000009dc00000, 0x000000009dd00000, 0x000000009dd00000|100%| S|CS|TAMS 0x000000009dc00000, 0x000000009dc00000| Complete 
| 447|0x000000009dd00000, 0x000000009de00000, 0x000000009de00000|100%| S|CS|TAMS 0x000000009dd00000, 0x000000009dd00000| Complete 
| 448|0x000000009de00000, 0x000000009df00000, 0x000000009df00000|100%| S|CS|TAMS 0x000000009de00000, 0x000000009de00000| Complete 
| 449|0x000000009df00000, 0x000000009e000000, 0x000000009e000000|100%| S|CS|TAMS 0x000000009df00000, 0x000000009df00000| Complete 
| 450|0x000000009e000000, 0x000000009e100000, 0x000000009e100000|100%| S|CS|TAMS 0x000000009e000000, 0x000000009e000000| Complete 
| 451|0x000000009e100000, 0x000000009e200000, 0x000000009e200000|100%| S|CS|TAMS 0x000000009e100000, 0x000000009e100000| Complete 
| 452|0x000000009e200000, 0x000000009e300000, 0x000000009e300000|100%| S|CS|TAMS 0x000000009e200000, 0x000000009e200000| Complete 
| 453|0x000000009e300000, 0x000000009e400000, 0x000000009e400000|100%| S|CS|TAMS 0x000000009e300000, 0x000000009e300000| Complete 
| 454|0x000000009e400000, 0x000000009e500000, 0x000000009e500000|100%| S|CS|TAMS 0x000000009e400000, 0x000000009e400000| Complete 
| 455|0x000000009e500000, 0x000000009e600000, 0x000000009e600000|100%| S|CS|TAMS 0x000000009e500000, 0x000000009e500000| Complete 
| 456|0x000000009e600000, 0x000000009e700000, 0x000000009e700000|100%| S|CS|TAMS 0x000000009e600000, 0x000000009e600000| Complete 
| 457|0x000000009e700000, 0x000000009e800000, 0x000000009e800000|100%| S|CS|TAMS 0x000000009e700000, 0x000000009e700000| Complete 
| 458|0x000000009e800000, 0x000000009e900000, 0x000000009e900000|100%| S|CS|TAMS 0x000000009e800000, 0x000000009e800000| Complete 
| 459|0x000000009e900000, 0x000000009ea00000, 0x000000009ea00000|100%| S|CS|TAMS 0x000000009e900000, 0x000000009e900000| Complete 
| 460|0x000000009ea00000, 0x000000009eb00000, 0x000000009eb00000|100%| S|CS|TAMS 0x000000009ea00000, 0x000000009ea00000| Complete 
| 461|0x000000009eb00000, 0x000000009ec00000, 0x000000009ec00000|100%| S|CS|TAMS 0x000000009eb00000, 0x000000009eb00000| Complete 
| 462|0x000000009ec00000, 0x000000009ed00000, 0x000000009ed00000|100%| S|CS|TAMS 0x000000009ec00000, 0x000000009ec00000| Complete 
| 463|0x000000009ed00000, 0x000000009ee00000, 0x000000009ee00000|100%| S|CS|TAMS 0x000000009ed00000, 0x000000009ed00000| Complete 
| 464|0x000000009ee00000, 0x000000009ef00000, 0x000000009ef00000|100%| S|CS|TAMS 0x000000009ee00000, 0x000000009ee00000| Complete 
| 465|0x000000009ef00000, 0x000000009f000000, 0x000000009f000000|100%| S|CS|TAMS 0x000000009ef00000, 0x000000009ef00000| Complete 
| 466|0x000000009f000000, 0x000000009f100000, 0x000000009f100000|100%| S|CS|TAMS 0x000000009f000000, 0x000000009f000000| Complete 
| 467|0x000000009f100000, 0x000000009f200000, 0x000000009f200000|100%| S|CS|TAMS 0x000000009f100000, 0x000000009f100000| Complete 
| 468|0x000000009f200000, 0x000000009f300000, 0x000000009f300000|100%| S|CS|TAMS 0x000000009f200000, 0x000000009f200000| Complete 
| 469|0x000000009f300000, 0x000000009f400000, 0x000000009f400000|100%| S|CS|TAMS 0x000000009f300000, 0x000000009f300000| Complete 
| 470|0x000000009f400000, 0x000000009f500000, 0x000000009f500000|100%| S|CS|TAMS 0x000000009f400000, 0x000000009f400000| Complete 
| 471|0x000000009f500000, 0x000000009f600000, 0x000000009f600000|100%|HS|  |TAMS 0x000000009f500000, 0x000000009f500000| Complete 
| 472|0x000000009f600000, 0x000000009f700000, 0x000000009f700000|100%|HC|  |TAMS 0x000000009f600000, 0x000000009f600000| Complete 
| 473|0x000000009f700000, 0x000000009f800000, 0x000000009f800000|100%|HC|  |TAMS 0x000000009f700000, 0x000000009f700000| Complete 
| 474|0x000000009f800000, 0x000000009f900000, 0x000000009f900000|100%|HC|  |TAMS 0x000000009f800000, 0x000000009f800000| Complete 
| 475|0x000000009f900000, 0x000000009fa00000, 0x000000009fa00000|100%|HC|  |TAMS 0x000000009f900000, 0x000000009f900000| Complete 
| 476|0x000000009fa00000, 0x000000009fb00000, 0x000000009fb00000|100%|HC|  |TAMS 0x000000009fa00000, 0x000000009fa00000| Complete 
| 477|0x000000009fb00000, 0x000000009fc00000, 0x000000009fc00000|100%|HC|  |TAMS 0x000000009fb00000, 0x000000009fb00000| Complete 
| 478|0x000000009fc00000, 0x000000009fd00000, 0x000000009fd00000|100%|HC|  |TAMS 0x000000009fc00000, 0x000000009fc00000| Complete 
| 479|0x000000009fd00000, 0x000000009fe00000, 0x000000009fe00000|100%|HC|  |TAMS 0x000000009fd00000, 0x000000009fd00000| Complete 
| 480|0x000000009fe00000, 0x000000009ff00000, 0x000000009ff00000|100%|HC|  |TAMS 0x000000009fe00000, 0x000000009fe00000| Complete 
| 481|0x000000009ff00000, 0x00000000a0000000, 0x00000000a0000000|100%|HC|  |TAMS 0x000000009ff00000, 0x000000009ff00000| Complete 
| 482|0x00000000a0000000, 0x00000000a0100000, 0x00000000a0100000|100%|HC|  |TAMS 0x00000000a0000000, 0x00000000a0000000| Complete 
| 483|0x00000000a0100000, 0x00000000a0200000, 0x00000000a0200000|100%|HC|  |TAMS 0x00000000a0100000, 0x00000000a0100000| Complete 
| 484|0x00000000a0200000, 0x00000000a0300000, 0x00000000a0300000|100%|HC|  |TAMS 0x00000000a0200000, 0x00000000a0200000| Complete 
| 485|0x00000000a0300000, 0x00000000a0400000, 0x00000000a0400000|100%|HC|  |TAMS 0x00000000a0300000, 0x00000000a0300000| Complete 
| 486|0x00000000a0400000, 0x00000000a0500000, 0x00000000a0500000|100%|HC|  |TAMS 0x00000000a0400000, 0x00000000a0400000| Complete 
| 487|0x00000000a0500000, 0x00000000a0600000, 0x00000000a0600000|100%|HC|  |TAMS 0x00000000a0500000, 0x00000000a0500000| Complete 
| 488|0x00000000a0600000, 0x00000000a0700000, 0x00000000a0700000|100%|HC|  |TAMS 0x00000000a0600000, 0x00000000a0600000| Complete 
| 489|0x00000000a0700000, 0x00000000a0800000, 0x00000000a0800000|100%|HC|  |TAMS 0x00000000a0700000, 0x00000000a0700000| Complete 
| 490|0x00000000a0800000, 0x00000000a0900000, 0x00000000a0900000|100%|HC|  |TAMS 0x00000000a0800000, 0x00000000a0800000| Complete 
| 491|0x00000000a0900000, 0x00000000a0a00000, 0x00000000a0a00000|100%|HC|  |TAMS 0x00000000a0900000, 0x00000000a0900000| Complete 
| 492|0x00000000a0a00000, 0x00000000a0b00000, 0x00000000a0b00000|100%|HC|  |TAMS 0x00000000a0a00000, 0x00000000a0a00000| Complete 
| 493|0x00000000a0b00000, 0x00000000a0c00000, 0x00000000a0c00000|100%|HC|  |TAMS 0x00000000a0b00000, 0x00000000a0b00000| Complete 
| 494|0x00000000a0c00000, 0x00000000a0d00000, 0x00000000a0d00000|100%|HC|  |TAMS 0x00000000a0c00000, 0x00000000a0c00000| Complete 
| 495|0x00000000a0d00000, 0x00000000a0e00000, 0x00000000a0e00000|100%|HC|  |TAMS 0x00000000a0d00000, 0x00000000a0d00000| Complete 
| 496|0x00000000a0e00000, 0x00000000a0f00000, 0x00000000a0f00000|100%|HC|  |TAMS 0x00000000a0e00000, 0x00000000a0e00000| Complete 
| 497|0x00000000a0f00000, 0x00000000a1000000, 0x00000000a1000000|100%|HC|  |TAMS 0x00000000a0f00000, 0x00000000a0f00000| Complete 
| 498|0x00000000a1000000, 0x00000000a1100000, 0x00000000a1100000|100%|HS|  |TAMS 0x00000000a1000000, 0x00000000a1000000| Complete 
| 499|0x00000000a1100000, 0x00000000a1200000, 0x00000000a1200000|100%|HC|  |TAMS 0x00000000a1100000, 0x00000000a1100000| Complete 
| 500|0x00000000a1200000, 0x00000000a1300000, 0x00000000a1300000|100%|HC|  |TAMS 0x00000000a1200000, 0x00000000a1200000| Complete 
| 501|0x00000000a1300000, 0x00000000a1400000, 0x00000000a1400000|100%|HC|  |TAMS 0x00000000a1300000, 0x00000000a1300000| Complete 
| 502|0x00000000a1400000, 0x00000000a1500000, 0x00000000a1500000|100%|HC|  |TAMS 0x00000000a1400000, 0x00000000a1400000| Complete 
| 503|0x00000000a1500000, 0x00000000a1600000, 0x00000000a1600000|100%|HC|  |TAMS 0x00000000a1500000, 0x00000000a1500000| Complete 
| 504|0x00000000a1600000, 0x00000000a1700000, 0x00000000a1700000|100%|HC|  |TAMS 0x00000000a1600000, 0x00000000a1600000| Complete 
| 505|0x00000000a1700000, 0x00000000a1800000, 0x00000000a1800000|100%|HC|  |TAMS 0x00000000a1700000, 0x00000000a1700000| Complete 
| 506|0x00000000a1800000, 0x00000000a1900000, 0x00000000a1900000|100%|HC|  |TAMS 0x00000000a1800000, 0x00000000a1800000| Complete 
| 507|0x00000000a1900000, 0x00000000a1a00000, 0x00000000a1a00000|100%|HC|  |TAMS 0x00000000a1900000, 0x00000000a1900000| Complete 
| 508|0x00000000a1a00000, 0x00000000a1b00000, 0x00000000a1b00000|100%|HC|  |TAMS 0x00000000a1a00000, 0x00000000a1a00000| Complete 
| 509|0x00000000a1b00000, 0x00000000a1c00000, 0x00000000a1c00000|100%|HC|  |TAMS 0x00000000a1b00000, 0x00000000a1b00000| Complete 
| 510|0x00000000a1c00000, 0x00000000a1d00000, 0x00000000a1d00000|100%|HC|  |TAMS 0x00000000a1c00000, 0x00000000a1c00000| Complete 
| 511|0x00000000a1d00000, 0x00000000a1e00000, 0x00000000a1e00000|100%|HC|  |TAMS 0x00000000a1d00000, 0x00000000a1d00000| Complete 
| 512|0x00000000a1e00000, 0x00000000a1f00000, 0x00000000a1f00000|100%|HS|  |TAMS 0x00000000a1e00000, 0x00000000a1e00000| Complete 
| 513|0x00000000a1f00000, 0x00000000a2000000, 0x00000000a2000000|100%|HC|  |TAMS 0x00000000a1f00000, 0x00000000a1f00000| Complete 
| 514|0x00000000a2000000, 0x00000000a2100000, 0x00000000a2100000|100%|HC|  |TAMS 0x00000000a2000000, 0x00000000a2000000| Complete 
| 515|0x00000000a2100000, 0x00000000a2200000, 0x00000000a2200000|100%|HC|  |TAMS 0x00000000a2100000, 0x00000000a2100000| Complete 
| 516|0x00000000a2200000, 0x00000000a2300000, 0x00000000a2300000|100%|HC|  |TAMS 0x00000000a2200000, 0x00000000a2200000| Complete 
| 517|0x00000000a2300000, 0x00000000a2400000, 0x00000000a2400000|100%|HC|  |TAMS 0x00000000a2300000, 0x00000000a2300000| Complete 
| 518|0x00000000a2400000, 0x00000000a2500000, 0x00000000a2500000|100%|HC|  |TAMS 0x00000000a2400000, 0x00000000a2400000| Complete 
| 519|0x00000000a2500000, 0x00000000a2600000, 0x00000000a2600000|100%|HC|  |TAMS 0x00000000a2500000, 0x00000000a2500000| Complete 
| 520|0x00000000a2600000, 0x00000000a2700000, 0x00000000a2700000|100%|HC|  |TAMS 0x00000000a2600000, 0x00000000a2600000| Complete 
| 521|0x00000000a2700000, 0x00000000a2800000, 0x00000000a2800000|100%|HC|  |TAMS 0x00000000a2700000, 0x00000000a2700000| Complete 
| 522|0x00000000a2800000, 0x00000000a2900000, 0x00000000a2900000|100%|HC|  |TAMS 0x00000000a2800000, 0x00000000a2800000| Complete 
| 523|0x00000000a2900000, 0x00000000a2a00000, 0x00000000a2a00000|100%|HC|  |TAMS 0x00000000a2900000, 0x00000000a2900000| Complete 
| 524|0x00000000a2a00000, 0x00000000a2b00000, 0x00000000a2b00000|100%|HC|  |TAMS 0x00000000a2a00000, 0x00000000a2a00000| Complete 
| 525|0x00000000a2b00000, 0x00000000a2c00000, 0x00000000a2c00000|100%|HC|  |TAMS 0x00000000a2b00000, 0x00000000a2b00000| Complete 
| 526|0x00000000a2c00000, 0x00000000a2c00000, 0x00000000a2d00000|  0%| F|  |TAMS 0x00000000a2c00000, 0x00000000a2c00000| Untracked 
| 527|0x00000000a2d00000, 0x00000000a2d00000, 0x00000000a2e00000|  0%| F|  |TAMS 0x00000000a2d00000, 0x00000000a2d00000| Untracked 
| 528|0x00000000a2e00000, 0x00000000a2e00000, 0x00000000a2f00000|  0%| F|  |TAMS 0x00000000a2e00000, 0x00000000a2e00000| Untracked 
| 529|0x00000000a2f00000, 0x00000000a2f00000, 0x00000000a3000000|  0%| F|  |TAMS 0x00000000a2f00000, 0x00000000a2f00000| Untracked 
| 530|0x00000000a3000000, 0x00000000a3000000, 0x00000000a3100000|  0%| F|  |TAMS 0x00000000a3000000, 0x00000000a3000000| Untracked 
| 531|0x00000000a3100000, 0x00000000a3100000, 0x00000000a3200000|  0%| F|  |TAMS 0x00000000a3100000, 0x00000000a3100000| Untracked 
| 532|0x00000000a3200000, 0x00000000a3200000, 0x00000000a3300000|  0%| F|  |TAMS 0x00000000a3200000, 0x00000000a3200000| Untracked 
| 533|0x00000000a3300000, 0x00000000a3400000, 0x00000000a3400000|100%|HS|  |TAMS 0x00000000a3400000, 0x00000000a3300000| Complete 
| 534|0x00000000a3400000, 0x00000000a3500000, 0x00000000a3500000|100%|HC|  |TAMS 0x00000000a3500000, 0x00000000a3400000| Complete 
| 535|0x00000000a3500000, 0x00000000a3600000, 0x00000000a3600000|100%|HC|  |TAMS 0x00000000a3600000, 0x00000000a3500000| Complete 
| 536|0x00000000a3600000, 0x00000000a3700000, 0x00000000a3700000|100%|HC|  |TAMS 0x00000000a3700000, 0x00000000a3600000| Complete 
| 537|0x00000000a3700000, 0x00000000a3800000, 0x00000000a3800000|100%|HC|  |TAMS 0x00000000a3800000, 0x00000000a3700000| Complete 
| 538|0x00000000a3800000, 0x00000000a3900000, 0x00000000a3900000|100%|HC|  |TAMS 0x00000000a3900000, 0x00000000a3800000| Complete 
| 539|0x00000000a3900000, 0x00000000a3a00000, 0x00000000a3a00000|100%|HC|  |TAMS 0x00000000a3a00000, 0x00000000a3900000| Complete 
| 540|0x00000000a3a00000, 0x00000000a3b00000, 0x00000000a3b00000|100%|HC|  |TAMS 0x00000000a3b00000, 0x00000000a3a00000| Complete 
| 541|0x00000000a3b00000, 0x00000000a3c00000, 0x00000000a3c00000|100%|HC|  |TAMS 0x00000000a3c00000, 0x00000000a3b00000| Complete 
| 542|0x00000000a3c00000, 0x00000000a3d00000, 0x00000000a3d00000|100%|HC|  |TAMS 0x00000000a3d00000, 0x00000000a3c00000| Complete 
| 543|0x00000000a3d00000, 0x00000000a3e00000, 0x00000000a3e00000|100%|HC|  |TAMS 0x00000000a3e00000, 0x00000000a3d00000| Complete 
| 544|0x00000000a3e00000, 0x00000000a3f00000, 0x00000000a3f00000|100%|HC|  |TAMS 0x00000000a3f00000, 0x00000000a3e00000| Complete 
| 545|0x00000000a3f00000, 0x00000000a4000000, 0x00000000a4000000|100%|HC|  |TAMS 0x00000000a4000000, 0x00000000a3f00000| Complete 
| 546|0x00000000a4000000, 0x00000000a4100000, 0x00000000a4100000|100%|HC|  |TAMS 0x00000000a4100000, 0x00000000a4000000| Complete 
| 547|0x00000000a4100000, 0x00000000a4200000, 0x00000000a4200000|100%|HS|  |TAMS 0x00000000a4100000, 0x00000000a4100000| Complete 
| 548|0x00000000a4200000, 0x00000000a4300000, 0x00000000a4300000|100%|HC|  |TAMS 0x00000000a4200000, 0x00000000a4200000| Complete 
| 549|0x00000000a4300000, 0x00000000a4400000, 0x00000000a4400000|100%|HC|  |TAMS 0x00000000a4300000, 0x00000000a4300000| Complete 
| 550|0x00000000a4400000, 0x00000000a4500000, 0x00000000a4500000|100%|HC|  |TAMS 0x00000000a4400000, 0x00000000a4400000| Complete 
| 551|0x00000000a4500000, 0x00000000a4600000, 0x00000000a4600000|100%|HC|  |TAMS 0x00000000a4500000, 0x00000000a4500000| Complete 
| 552|0x00000000a4600000, 0x00000000a4700000, 0x00000000a4700000|100%|HC|  |TAMS 0x00000000a4600000, 0x00000000a4600000| Complete 
| 553|0x00000000a4700000, 0x00000000a4800000, 0x00000000a4800000|100%|HC|  |TAMS 0x00000000a4700000, 0x00000000a4700000| Complete 
| 554|0x00000000a4800000, 0x00000000a4900000, 0x00000000a4900000|100%|HC|  |TAMS 0x00000000a4800000, 0x00000000a4800000| Complete 
| 555|0x00000000a4900000, 0x00000000a4a00000, 0x00000000a4a00000|100%|HC|  |TAMS 0x00000000a4900000, 0x00000000a4900000| Complete 
| 556|0x00000000a4a00000, 0x00000000a4b00000, 0x00000000a4b00000|100%|HC|  |TAMS 0x00000000a4a00000, 0x00000000a4a00000| Complete 
| 557|0x00000000a4b00000, 0x00000000a4c00000, 0x00000000a4c00000|100%|HC|  |TAMS 0x00000000a4b00000, 0x00000000a4b00000| Complete 
| 558|0x00000000a4c00000, 0x00000000a4d00000, 0x00000000a4d00000|100%|HC|  |TAMS 0x00000000a4c00000, 0x00000000a4c00000| Complete 
| 559|0x00000000a4d00000, 0x00000000a4e00000, 0x00000000a4e00000|100%|HC|  |TAMS 0x00000000a4d00000, 0x00000000a4d00000| Complete 
| 560|0x00000000a4e00000, 0x00000000a4f00000, 0x00000000a4f00000|100%|HC|  |TAMS 0x00000000a4e00000, 0x00000000a4e00000| Complete 
| 561|0x00000000a4f00000, 0x00000000a5000000, 0x00000000a5000000|100%|HC|  |TAMS 0x00000000a4f00000, 0x00000000a4f00000| Complete 
| 562|0x00000000a5000000, 0x00000000a5100000, 0x00000000a5100000|100%|HC|  |TAMS 0x00000000a5000000, 0x00000000a5000000| Complete 
| 563|0x00000000a5100000, 0x00000000a5200000, 0x00000000a5200000|100%|HC|  |TAMS 0x00000000a5100000, 0x00000000a5100000| Complete 
| 564|0x00000000a5200000, 0x00000000a5300000, 0x00000000a5300000|100%|HC|  |TAMS 0x00000000a5200000, 0x00000000a5200000| Complete 
| 565|0x00000000a5300000, 0x00000000a5400000, 0x00000000a5400000|100%|HC|  |TAMS 0x00000000a5300000, 0x00000000a5300000| Complete 
| 566|0x00000000a5400000, 0x00000000a5500000, 0x00000000a5500000|100%|HC|  |TAMS 0x00000000a5400000, 0x00000000a5400000| Complete 
| 567|0x00000000a5500000, 0x00000000a5600000, 0x00000000a5600000|100%|HC|  |TAMS 0x00000000a5500000, 0x00000000a5500000| Complete 
| 568|0x00000000a5600000, 0x00000000a5700000, 0x00000000a5700000|100%|HC|  |TAMS 0x00000000a5600000, 0x00000000a5600000| Complete 
| 569|0x00000000a5700000, 0x00000000a5800000, 0x00000000a5800000|100%|HC|  |TAMS 0x00000000a5700000, 0x00000000a5700000| Complete 
| 570|0x00000000a5800000, 0x00000000a5900000, 0x00000000a5900000|100%|HC|  |TAMS 0x00000000a5800000, 0x00000000a5800000| Complete 
| 571|0x00000000a5900000, 0x00000000a5a00000, 0x00000000a5a00000|100%|HC|  |TAMS 0x00000000a5900000, 0x00000000a5900000| Complete 
| 572|0x00000000a5a00000, 0x00000000a5b00000, 0x00000000a5b00000|100%|HC|  |TAMS 0x00000000a5a00000, 0x00000000a5a00000| Complete 
| 573|0x00000000a5b00000, 0x00000000a5c00000, 0x00000000a5c00000|100%|HC|  |TAMS 0x00000000a5b00000, 0x00000000a5b00000| Complete 
| 574|0x00000000a5c00000, 0x00000000a5d00000, 0x00000000a5d00000|100%|HS|  |TAMS 0x00000000a5c00000, 0x00000000a5c00000| Complete 
| 575|0x00000000a5d00000, 0x00000000a5e00000, 0x00000000a5e00000|100%|HC|  |TAMS 0x00000000a5d00000, 0x00000000a5d00000| Complete 
| 576|0x00000000a5e00000, 0x00000000a5f00000, 0x00000000a5f00000|100%|HC|  |TAMS 0x00000000a5e00000, 0x00000000a5e00000| Complete 
| 577|0x00000000a5f00000, 0x00000000a6000000, 0x00000000a6000000|100%|HC|  |TAMS 0x00000000a5f00000, 0x00000000a5f00000| Complete 
| 578|0x00000000a6000000, 0x00000000a6100000, 0x00000000a6100000|100%|HC|  |TAMS 0x00000000a6000000, 0x00000000a6000000| Complete 
| 579|0x00000000a6100000, 0x00000000a6200000, 0x00000000a6200000|100%|HC|  |TAMS 0x00000000a6100000, 0x00000000a6100000| Complete 
| 580|0x00000000a6200000, 0x00000000a6300000, 0x00000000a6300000|100%|HC|  |TAMS 0x00000000a6200000, 0x00000000a6200000| Complete 
| 581|0x00000000a6300000, 0x00000000a6400000, 0x00000000a6400000|100%|HC|  |TAMS 0x00000000a6300000, 0x00000000a6300000| Complete 
| 582|0x00000000a6400000, 0x00000000a6500000, 0x00000000a6500000|100%|HC|  |TAMS 0x00000000a6400000, 0x00000000a6400000| Complete 
| 583|0x00000000a6500000, 0x00000000a6600000, 0x00000000a6600000|100%|HC|  |TAMS 0x00000000a6500000, 0x00000000a6500000| Complete 
| 584|0x00000000a6600000, 0x00000000a6700000, 0x00000000a6700000|100%|HC|  |TAMS 0x00000000a6600000, 0x00000000a6600000| Complete 
| 585|0x00000000a6700000, 0x00000000a6800000, 0x00000000a6800000|100%|HC|  |TAMS 0x00000000a6700000, 0x00000000a6700000| Complete 
| 586|0x00000000a6800000, 0x00000000a6900000, 0x00000000a6900000|100%|HC|  |TAMS 0x00000000a6800000, 0x00000000a6800000| Complete 
| 587|0x00000000a6900000, 0x00000000a6a00000, 0x00000000a6a00000|100%|HC|  |TAMS 0x00000000a6900000, 0x00000000a6900000| Complete 
| 588|0x00000000a6a00000, 0x00000000a6b00000, 0x00000000a6b00000|100%|HC|  |TAMS 0x00000000a6a00000, 0x00000000a6a00000| Complete 
| 589|0x00000000a6b00000, 0x00000000a6c00000, 0x00000000a6c00000|100%|HC|  |TAMS 0x00000000a6b00000, 0x00000000a6b00000| Complete 
| 590|0x00000000a6c00000, 0x00000000a6d00000, 0x00000000a6d00000|100%|HC|  |TAMS 0x00000000a6c00000, 0x00000000a6c00000| Complete 
| 591|0x00000000a6d00000, 0x00000000a6e00000, 0x00000000a6e00000|100%|HC|  |TAMS 0x00000000a6d00000, 0x00000000a6d00000| Complete 
| 592|0x00000000a6e00000, 0x00000000a6f00000, 0x00000000a6f00000|100%|HC|  |TAMS 0x00000000a6e00000, 0x00000000a6e00000| Complete 
| 593|0x00000000a6f00000, 0x00000000a7000000, 0x00000000a7000000|100%|HC|  |TAMS 0x00000000a6f00000, 0x00000000a6f00000| Complete 
| 594|0x00000000a7000000, 0x00000000a7100000, 0x00000000a7100000|100%|HC|  |TAMS 0x00000000a7000000, 0x00000000a7000000| Complete 
| 595|0x00000000a7100000, 0x00000000a7200000, 0x00000000a7200000|100%|HC|  |TAMS 0x00000000a7100000, 0x00000000a7100000| Complete 
| 596|0x00000000a7200000, 0x00000000a7300000, 0x00000000a7300000|100%|HC|  |TAMS 0x00000000a7200000, 0x00000000a7200000| Complete 
| 597|0x00000000a7300000, 0x00000000a7400000, 0x00000000a7400000|100%|HC|  |TAMS 0x00000000a7300000, 0x00000000a7300000| Complete 
| 598|0x00000000a7400000, 0x00000000a7500000, 0x00000000a7500000|100%|HC|  |TAMS 0x00000000a7400000, 0x00000000a7400000| Complete 
| 599|0x00000000a7500000, 0x00000000a7600000, 0x00000000a7600000|100%|HC|  |TAMS 0x00000000a7500000, 0x00000000a7500000| Complete 
| 600|0x00000000a7600000, 0x00000000a7700000, 0x00000000a7700000|100%|HC|  |TAMS 0x00000000a7600000, 0x00000000a7600000| Complete 
| 601|0x00000000a7700000, 0x00000000a7700000, 0x00000000a7800000|  0%| F|  |TAMS 0x00000000a7700000, 0x00000000a7700000| Untracked 
| 602|0x00000000a7800000, 0x00000000a7800000, 0x00000000a7900000|  0%| F|  |TAMS 0x00000000a7800000, 0x00000000a7800000| Untracked 
| 603|0x00000000a7900000, 0x00000000a7900000, 0x00000000a7a00000|  0%| F|  |TAMS 0x00000000a7900000, 0x00000000a7900000| Untracked 
| 604|0x00000000a7a00000, 0x00000000a7a00000, 0x00000000a7b00000|  0%| F|  |TAMS 0x00000000a7a00000, 0x00000000a7a00000| Untracked 
| 605|0x00000000a7b00000, 0x00000000a7b00000, 0x00000000a7c00000|  0%| F|  |TAMS 0x00000000a7b00000, 0x00000000a7b00000| Untracked 
| 606|0x00000000a7c00000, 0x00000000a7c00000, 0x00000000a7d00000|  0%| F|  |TAMS 0x00000000a7c00000, 0x00000000a7c00000| Untracked 
| 607|0x00000000a7d00000, 0x00000000a7d00000, 0x00000000a7e00000|  0%| F|  |TAMS 0x00000000a7d00000, 0x00000000a7d00000| Untracked 
| 608|0x00000000a7e00000, 0x00000000a7e00000, 0x00000000a7f00000|  0%| F|  |TAMS 0x00000000a7e00000, 0x00000000a7e00000| Untracked 
| 609|0x00000000a7f00000, 0x00000000a8000000, 0x00000000a8000000|100%|HS|  |TAMS 0x00000000a8000000, 0x00000000a7f00000| Complete 
| 610|0x00000000a8000000, 0x00000000a8100000, 0x00000000a8100000|100%|HC|  |TAMS 0x00000000a8100000, 0x00000000a8000000| Complete 
| 611|0x00000000a8100000, 0x00000000a8200000, 0x00000000a8200000|100%|HC|  |TAMS 0x00000000a8200000, 0x00000000a8100000| Complete 
| 612|0x00000000a8200000, 0x00000000a8300000, 0x00000000a8300000|100%|HC|  |TAMS 0x00000000a8300000, 0x00000000a8200000| Complete 
| 613|0x00000000a8300000, 0x00000000a8400000, 0x00000000a8400000|100%|HC|  |TAMS 0x00000000a8400000, 0x00000000a8300000| Complete 
| 614|0x00000000a8400000, 0x00000000a8500000, 0x00000000a8500000|100%|HC|  |TAMS 0x00000000a8500000, 0x00000000a8400000| Complete 
| 615|0x00000000a8500000, 0x00000000a8600000, 0x00000000a8600000|100%|HC|  |TAMS 0x00000000a8600000, 0x00000000a8500000| Complete 
| 616|0x00000000a8600000, 0x00000000a8700000, 0x00000000a8700000|100%|HC|  |TAMS 0x00000000a8700000, 0x00000000a8600000| Complete 
| 617|0x00000000a8700000, 0x00000000a8800000, 0x00000000a8800000|100%|HC|  |TAMS 0x00000000a8800000, 0x00000000a8700000| Complete 
| 618|0x00000000a8800000, 0x00000000a8900000, 0x00000000a8900000|100%|HC|  |TAMS 0x00000000a8900000, 0x00000000a8800000| Complete 
| 619|0x00000000a8900000, 0x00000000a8a00000, 0x00000000a8a00000|100%|HC|  |TAMS 0x00000000a8a00000, 0x00000000a8900000| Complete 
| 620|0x00000000a8a00000, 0x00000000a8b00000, 0x00000000a8b00000|100%|HC|  |TAMS 0x00000000a8b00000, 0x00000000a8a00000| Complete 
| 621|0x00000000a8b00000, 0x00000000a8c00000, 0x00000000a8c00000|100%|HC|  |TAMS 0x00000000a8c00000, 0x00000000a8b00000| Complete 
| 622|0x00000000a8c00000, 0x00000000a8d00000, 0x00000000a8d00000|100%|HC|  |TAMS 0x00000000a8d00000, 0x00000000a8c00000| Complete 
| 623|0x00000000a8d00000, 0x00000000a8e00000, 0x00000000a8e00000|100%|HS|  |TAMS 0x00000000a8d00000, 0x00000000a8d00000| Complete 
| 624|0x00000000a8e00000, 0x00000000a8f00000, 0x00000000a8f00000|100%|HC|  |TAMS 0x00000000a8e00000, 0x00000000a8e00000| Complete 
| 625|0x00000000a8f00000, 0x00000000a9000000, 0x00000000a9000000|100%|HC|  |TAMS 0x00000000a8f00000, 0x00000000a8f00000| Complete 
| 626|0x00000000a9000000, 0x00000000a9100000, 0x00000000a9100000|100%|HC|  |TAMS 0x00000000a9000000, 0x00000000a9000000| Complete 
| 627|0x00000000a9100000, 0x00000000a9200000, 0x00000000a9200000|100%|HC|  |TAMS 0x00000000a9100000, 0x00000000a9100000| Complete 
| 628|0x00000000a9200000, 0x00000000a9300000, 0x00000000a9300000|100%|HC|  |TAMS 0x00000000a9200000, 0x00000000a9200000| Complete 
| 629|0x00000000a9300000, 0x00000000a9400000, 0x00000000a9400000|100%|HC|  |TAMS 0x00000000a9300000, 0x00000000a9300000| Complete 
| 630|0x00000000a9400000, 0x00000000a9500000, 0x00000000a9500000|100%|HC|  |TAMS 0x00000000a9400000, 0x00000000a9400000| Complete 
| 631|0x00000000a9500000, 0x00000000a9600000, 0x00000000a9600000|100%|HC|  |TAMS 0x00000000a9500000, 0x00000000a9500000| Complete 
| 632|0x00000000a9600000, 0x00000000a9700000, 0x00000000a9700000|100%|HC|  |TAMS 0x00000000a9600000, 0x00000000a9600000| Complete 
| 633|0x00000000a9700000, 0x00000000a9800000, 0x00000000a9800000|100%|HC|  |TAMS 0x00000000a9700000, 0x00000000a9700000| Complete 
| 634|0x00000000a9800000, 0x00000000a9900000, 0x00000000a9900000|100%|HC|  |TAMS 0x00000000a9800000, 0x00000000a9800000| Complete 
| 635|0x00000000a9900000, 0x00000000a9a00000, 0x00000000a9a00000|100%|HC|  |TAMS 0x00000000a9900000, 0x00000000a9900000| Complete 
| 636|0x00000000a9a00000, 0x00000000a9b00000, 0x00000000a9b00000|100%|HC|  |TAMS 0x00000000a9a00000, 0x00000000a9a00000| Complete 
| 637|0x00000000a9b00000, 0x00000000a9c00000, 0x00000000a9c00000|100%|HC|  |TAMS 0x00000000a9b00000, 0x00000000a9b00000| Complete 
| 638|0x00000000a9c00000, 0x00000000a9d00000, 0x00000000a9d00000|100%|HC|  |TAMS 0x00000000a9c00000, 0x00000000a9c00000| Complete 
| 639|0x00000000a9d00000, 0x00000000a9e00000, 0x00000000a9e00000|100%|HC|  |TAMS 0x00000000a9d00000, 0x00000000a9d00000| Complete 
| 640|0x00000000a9e00000, 0x00000000a9f00000, 0x00000000a9f00000|100%|HC|  |TAMS 0x00000000a9e00000, 0x00000000a9e00000| Complete 
| 641|0x00000000a9f00000, 0x00000000aa000000, 0x00000000aa000000|100%|HC|  |TAMS 0x00000000a9f00000, 0x00000000a9f00000| Complete 
| 642|0x00000000aa000000, 0x00000000aa100000, 0x00000000aa100000|100%|HC|  |TAMS 0x00000000aa000000, 0x00000000aa000000| Complete 
| 643|0x00000000aa100000, 0x00000000aa200000, 0x00000000aa200000|100%|HC|  |TAMS 0x00000000aa100000, 0x00000000aa100000| Complete 
| 644|0x00000000aa200000, 0x00000000aa300000, 0x00000000aa300000|100%|HC|  |TAMS 0x00000000aa200000, 0x00000000aa200000| Complete 
| 645|0x00000000aa300000, 0x00000000aa400000, 0x00000000aa400000|100%|HC|  |TAMS 0x00000000aa300000, 0x00000000aa300000| Complete 
| 646|0x00000000aa400000, 0x00000000aa500000, 0x00000000aa500000|100%|HC|  |TAMS 0x00000000aa400000, 0x00000000aa400000| Complete 
| 647|0x00000000aa500000, 0x00000000aa600000, 0x00000000aa600000|100%|HC|  |TAMS 0x00000000aa500000, 0x00000000aa500000| Complete 
| 648|0x00000000aa600000, 0x00000000aa700000, 0x00000000aa700000|100%|HC|  |TAMS 0x00000000aa600000, 0x00000000aa600000| Complete 
| 649|0x00000000aa700000, 0x00000000aa800000, 0x00000000aa800000|100%|HC|  |TAMS 0x00000000aa700000, 0x00000000aa700000| Complete 
| 650|0x00000000aa800000, 0x00000000aa900000, 0x00000000aa900000|100%|HS|  |TAMS 0x00000000aa800000, 0x00000000aa800000| Complete 
| 651|0x00000000aa900000, 0x00000000aaa00000, 0x00000000aaa00000|100%|HC|  |TAMS 0x00000000aa900000, 0x00000000aa900000| Complete 
| 652|0x00000000aaa00000, 0x00000000aab00000, 0x00000000aab00000|100%|HC|  |TAMS 0x00000000aaa00000, 0x00000000aaa00000| Complete 
| 653|0x00000000aab00000, 0x00000000aac00000, 0x00000000aac00000|100%|HC|  |TAMS 0x00000000aab00000, 0x00000000aab00000| Complete 
| 654|0x00000000aac00000, 0x00000000aad00000, 0x00000000aad00000|100%|HC|  |TAMS 0x00000000aac00000, 0x00000000aac00000| Complete 
| 655|0x00000000aad00000, 0x00000000aae00000, 0x00000000aae00000|100%|HC|  |TAMS 0x00000000aad00000, 0x00000000aad00000| Complete 
| 656|0x00000000aae00000, 0x00000000aaf00000, 0x00000000aaf00000|100%|HC|  |TAMS 0x00000000aae00000, 0x00000000aae00000| Complete 
| 657|0x00000000aaf00000, 0x00000000ab000000, 0x00000000ab000000|100%|HC|  |TAMS 0x00000000aaf00000, 0x00000000aaf00000| Complete 
| 658|0x00000000ab000000, 0x00000000ab100000, 0x00000000ab100000|100%|HC|  |TAMS 0x00000000ab000000, 0x00000000ab000000| Complete 
| 659|0x00000000ab100000, 0x00000000ab200000, 0x00000000ab200000|100%|HC|  |TAMS 0x00000000ab100000, 0x00000000ab100000| Complete 
| 660|0x00000000ab200000, 0x00000000ab300000, 0x00000000ab300000|100%|HC|  |TAMS 0x00000000ab200000, 0x00000000ab200000| Complete 
| 661|0x00000000ab300000, 0x00000000ab400000, 0x00000000ab400000|100%|HC|  |TAMS 0x00000000ab300000, 0x00000000ab300000| Complete 
| 662|0x00000000ab400000, 0x00000000ab500000, 0x00000000ab500000|100%|HC|  |TAMS 0x00000000ab400000, 0x00000000ab400000| Complete 
| 663|0x00000000ab500000, 0x00000000ab600000, 0x00000000ab600000|100%|HC|  |TAMS 0x00000000ab500000, 0x00000000ab500000| Complete 
| 664|0x00000000ab600000, 0x00000000ab700000, 0x00000000ab700000|100%|HS|  |TAMS 0x00000000ab600000, 0x00000000ab600000| Complete 
| 665|0x00000000ab700000, 0x00000000ab800000, 0x00000000ab800000|100%|HC|  |TAMS 0x00000000ab700000, 0x00000000ab700000| Complete 
| 666|0x00000000ab800000, 0x00000000ab900000, 0x00000000ab900000|100%|HC|  |TAMS 0x00000000ab800000, 0x00000000ab800000| Complete 
| 667|0x00000000ab900000, 0x00000000aba00000, 0x00000000aba00000|100%|HC|  |TAMS 0x00000000ab900000, 0x00000000ab900000| Complete 
| 668|0x00000000aba00000, 0x00000000abb00000, 0x00000000abb00000|100%|HC|  |TAMS 0x00000000aba00000, 0x00000000aba00000| Complete 
| 669|0x00000000abb00000, 0x00000000abc00000, 0x00000000abc00000|100%|HC|  |TAMS 0x00000000abb00000, 0x00000000abb00000| Complete 
| 670|0x00000000abc00000, 0x00000000abd00000, 0x00000000abd00000|100%|HC|  |TAMS 0x00000000abc00000, 0x00000000abc00000| Complete 
| 671|0x00000000abd00000, 0x00000000abe00000, 0x00000000abe00000|100%|HC|  |TAMS 0x00000000abd00000, 0x00000000abd00000| Complete 
| 672|0x00000000abe00000, 0x00000000abf00000, 0x00000000abf00000|100%|HC|  |TAMS 0x00000000abe00000, 0x00000000abe00000| Complete 
| 673|0x00000000abf00000, 0x00000000ac000000, 0x00000000ac000000|100%|HC|  |TAMS 0x00000000abf00000, 0x00000000abf00000| Complete 
| 674|0x00000000ac000000, 0x00000000ac100000, 0x00000000ac100000|100%|HC|  |TAMS 0x00000000ac000000, 0x00000000ac000000| Complete 
| 675|0x00000000ac100000, 0x00000000ac200000, 0x00000000ac200000|100%|HC|  |TAMS 0x00000000ac100000, 0x00000000ac100000| Complete 
| 676|0x00000000ac200000, 0x00000000ac300000, 0x00000000ac300000|100%|HC|  |TAMS 0x00000000ac200000, 0x00000000ac200000| Complete 
| 677|0x00000000ac300000, 0x00000000ac400000, 0x00000000ac400000|100%|HC|  |TAMS 0x00000000ac300000, 0x00000000ac300000| Complete 
| 678|0x00000000ac400000, 0x00000000ac400000, 0x00000000ac500000|  0%| F|  |TAMS 0x00000000ac400000, 0x00000000ac400000| Untracked 
| 679|0x00000000ac500000, 0x00000000ac500000, 0x00000000ac600000|  0%| F|  |TAMS 0x00000000ac500000, 0x00000000ac500000| Untracked 
| 680|0x00000000ac600000, 0x00000000ac600000, 0x00000000ac700000|  0%| F|  |TAMS 0x00000000ac600000, 0x00000000ac600000| Untracked 
| 681|0x00000000ac700000, 0x00000000ac700000, 0x00000000ac800000|  0%| F|  |TAMS 0x00000000ac700000, 0x00000000ac700000| Untracked 
| 682|0x00000000ac800000, 0x00000000ac8ffcc0, 0x00000000ac900000| 99%| E|  |TAMS 0x00000000ac800000, 0x00000000ac800000| Complete 
| 683|0x00000000ac900000, 0x00000000aca00000, 0x00000000aca00000|100%|HS|  |TAMS 0x00000000ac900000, 0x00000000ac900000| Complete 
| 684|0x00000000aca00000, 0x00000000acb00000, 0x00000000acb00000|100%|HC|  |TAMS 0x00000000aca00000, 0x00000000aca00000| Complete 
| 685|0x00000000acb00000, 0x00000000acc00000, 0x00000000acc00000|100%|HC|  |TAMS 0x00000000acb00000, 0x00000000acb00000| Complete 
| 686|0x00000000acc00000, 0x00000000acd00000, 0x00000000acd00000|100%|HC|  |TAMS 0x00000000acc00000, 0x00000000acc00000| Complete 
| 687|0x00000000acd00000, 0x00000000ace00000, 0x00000000ace00000|100%|HC|  |TAMS 0x00000000acd00000, 0x00000000acd00000| Complete 
| 688|0x00000000ace00000, 0x00000000acf00000, 0x00000000acf00000|100%|HC|  |TAMS 0x00000000ace00000, 0x00000000ace00000| Complete 
| 689|0x00000000acf00000, 0x00000000ad000000, 0x00000000ad000000|100%|HC|  |TAMS 0x00000000acf00000, 0x00000000acf00000| Complete 
| 690|0x00000000ad000000, 0x00000000ad100000, 0x00000000ad100000|100%|HC|  |TAMS 0x00000000ad000000, 0x00000000ad000000| Complete 
| 691|0x00000000ad100000, 0x00000000ad200000, 0x00000000ad200000|100%|HC|  |TAMS 0x00000000ad100000, 0x00000000ad100000| Complete 
| 692|0x00000000ad200000, 0x00000000ad300000, 0x00000000ad300000|100%|HC|  |TAMS 0x00000000ad200000, 0x00000000ad200000| Complete 
| 693|0x00000000ad300000, 0x00000000ad400000, 0x00000000ad400000|100%|HC|  |TAMS 0x00000000ad300000, 0x00000000ad300000| Complete 
| 694|0x00000000ad400000, 0x00000000ad500000, 0x00000000ad500000|100%|HC|  |TAMS 0x00000000ad400000, 0x00000000ad400000| Complete 
| 695|0x00000000ad500000, 0x00000000ad600000, 0x00000000ad600000|100%|HC|  |TAMS 0x00000000ad500000, 0x00000000ad500000| Complete 
| 696|0x00000000ad600000, 0x00000000ad700000, 0x00000000ad700000|100%|HC|  |TAMS 0x00000000ad600000, 0x00000000ad600000| Complete 
| 697|0x00000000ad700000, 0x00000000ad800000, 0x00000000ad800000|100%|HC|  |TAMS 0x00000000ad700000, 0x00000000ad700000| Complete 
| 698|0x00000000ad800000, 0x00000000ad900000, 0x00000000ad900000|100%|HC|  |TAMS 0x00000000ad800000, 0x00000000ad800000| Complete 
| 699|0x00000000ad900000, 0x00000000ada00000, 0x00000000ada00000|100%|HC|  |TAMS 0x00000000ad900000, 0x00000000ad900000| Complete 
| 700|0x00000000ada00000, 0x00000000adb00000, 0x00000000adb00000|100%|HC|  |TAMS 0x00000000ada00000, 0x00000000ada00000| Complete 
| 701|0x00000000adb00000, 0x00000000adc00000, 0x00000000adc00000|100%|HC|  |TAMS 0x00000000adb00000, 0x00000000adb00000| Complete 
| 702|0x00000000adc00000, 0x00000000add00000, 0x00000000add00000|100%|HC|  |TAMS 0x00000000adc00000, 0x00000000adc00000| Complete 
| 703|0x00000000add00000, 0x00000000ade00000, 0x00000000ade00000|100%|HC|  |TAMS 0x00000000add00000, 0x00000000add00000| Complete 
| 704|0x00000000ade00000, 0x00000000adf00000, 0x00000000adf00000|100%|HC|  |TAMS 0x00000000ade00000, 0x00000000ade00000| Complete 
| 705|0x00000000adf00000, 0x00000000ae000000, 0x00000000ae000000|100%|HC|  |TAMS 0x00000000adf00000, 0x00000000adf00000| Complete 
| 706|0x00000000ae000000, 0x00000000ae100000, 0x00000000ae100000|100%|HC|  |TAMS 0x00000000ae000000, 0x00000000ae000000| Complete 
| 707|0x00000000ae100000, 0x00000000ae200000, 0x00000000ae200000|100%|HC|  |TAMS 0x00000000ae100000, 0x00000000ae100000| Complete 
| 708|0x00000000ae200000, 0x00000000ae300000, 0x00000000ae300000|100%|HC|  |TAMS 0x00000000ae200000, 0x00000000ae200000| Complete 
| 709|0x00000000ae300000, 0x00000000ae400000, 0x00000000ae400000|100%|HC|  |TAMS 0x00000000ae300000, 0x00000000ae300000| Complete 
| 710|0x00000000ae400000, 0x00000000ae500000, 0x00000000ae500000|100%|HS|  |TAMS 0x00000000ae400000, 0x00000000ae400000| Complete 
| 711|0x00000000ae500000, 0x00000000ae600000, 0x00000000ae600000|100%|HC|  |TAMS 0x00000000ae500000, 0x00000000ae500000| Complete 
| 712|0x00000000ae600000, 0x00000000ae700000, 0x00000000ae700000|100%|HC|  |TAMS 0x00000000ae600000, 0x00000000ae600000| Complete 
| 713|0x00000000ae700000, 0x00000000ae800000, 0x00000000ae800000|100%|HC|  |TAMS 0x00000000ae700000, 0x00000000ae700000| Complete 
| 714|0x00000000ae800000, 0x00000000ae900000, 0x00000000ae900000|100%|HC|  |TAMS 0x00000000ae800000, 0x00000000ae800000| Complete 
| 715|0x00000000ae900000, 0x00000000aea00000, 0x00000000aea00000|100%|HC|  |TAMS 0x00000000ae900000, 0x00000000ae900000| Complete 
| 716|0x00000000aea00000, 0x00000000aeb00000, 0x00000000aeb00000|100%|HC|  |TAMS 0x00000000aea00000, 0x00000000aea00000| Complete 
| 717|0x00000000aeb00000, 0x00000000aec00000, 0x00000000aec00000|100%|HC|  |TAMS 0x00000000aeb00000, 0x00000000aeb00000| Complete 
| 718|0x00000000aec00000, 0x00000000aed00000, 0x00000000aed00000|100%|HC|  |TAMS 0x00000000aec00000, 0x00000000aec00000| Complete 
| 719|0x00000000aed00000, 0x00000000aee00000, 0x00000000aee00000|100%|HC|  |TAMS 0x00000000aed00000, 0x00000000aed00000| Complete 
| 720|0x00000000aee00000, 0x00000000aef00000, 0x00000000aef00000|100%|HC|  |TAMS 0x00000000aee00000, 0x00000000aee00000| Complete 
| 721|0x00000000aef00000, 0x00000000af000000, 0x00000000af000000|100%|HC|  |TAMS 0x00000000aef00000, 0x00000000aef00000| Complete 
| 722|0x00000000af000000, 0x00000000af100000, 0x00000000af100000|100%|HC|  |TAMS 0x00000000af000000, 0x00000000af000000| Complete 
| 723|0x00000000af100000, 0x00000000af200000, 0x00000000af200000|100%|HC|  |TAMS 0x00000000af100000, 0x00000000af100000| Complete 
| 724|0x00000000af200000, 0x00000000af300000, 0x00000000af300000|100%|HS|  |TAMS 0x00000000af200000, 0x00000000af200000| Complete 
| 725|0x00000000af300000, 0x00000000af400000, 0x00000000af400000|100%|HC|  |TAMS 0x00000000af300000, 0x00000000af300000| Complete 
| 726|0x00000000af400000, 0x00000000af500000, 0x00000000af500000|100%|HC|  |TAMS 0x00000000af400000, 0x00000000af400000| Complete 
| 727|0x00000000af500000, 0x00000000af600000, 0x00000000af600000|100%|HC|  |TAMS 0x00000000af500000, 0x00000000af500000| Complete 
| 728|0x00000000af600000, 0x00000000af700000, 0x00000000af700000|100%|HC|  |TAMS 0x00000000af600000, 0x00000000af600000| Complete 
| 729|0x00000000af700000, 0x00000000af800000, 0x00000000af800000|100%|HC|  |TAMS 0x00000000af700000, 0x00000000af700000| Complete 
| 730|0x00000000af800000, 0x00000000af900000, 0x00000000af900000|100%|HC|  |TAMS 0x00000000af800000, 0x00000000af800000| Complete 
| 731|0x00000000af900000, 0x00000000afa00000, 0x00000000afa00000|100%|HC|  |TAMS 0x00000000af900000, 0x00000000af900000| Complete 
| 732|0x00000000afa00000, 0x00000000afb00000, 0x00000000afb00000|100%|HC|  |TAMS 0x00000000afa00000, 0x00000000afa00000| Complete 
| 733|0x00000000afb00000, 0x00000000afc00000, 0x00000000afc00000|100%|HC|  |TAMS 0x00000000afb00000, 0x00000000afb00000| Complete 
| 734|0x00000000afc00000, 0x00000000afd00000, 0x00000000afd00000|100%|HC|  |TAMS 0x00000000afc00000, 0x00000000afc00000| Complete 
| 735|0x00000000afd00000, 0x00000000afe00000, 0x00000000afe00000|100%|HC|  |TAMS 0x00000000afd00000, 0x00000000afd00000| Complete 
| 736|0x00000000afe00000, 0x00000000aff00000, 0x00000000aff00000|100%|HC|  |TAMS 0x00000000afe00000, 0x00000000afe00000| Complete 
| 737|0x00000000aff00000, 0x00000000b0000000, 0x00000000b0000000|100%|HC|  |TAMS 0x00000000aff00000, 0x00000000aff00000| Complete 
| 738|0x00000000b0000000, 0x00000000b0100000, 0x00000000b0100000|100%|HC|  |TAMS 0x00000000b0000000, 0x00000000b0000000| Complete 
| 739|0x00000000b0100000, 0x00000000b0200000, 0x00000000b0200000|100%|HC|  |TAMS 0x00000000b0100000, 0x00000000b0100000| Complete 
| 740|0x00000000b0200000, 0x00000000b0300000, 0x00000000b0300000|100%|HC|  |TAMS 0x00000000b0200000, 0x00000000b0200000| Complete 
| 741|0x00000000b0300000, 0x00000000b0400000, 0x00000000b0400000|100%|HC|  |TAMS 0x00000000b0300000, 0x00000000b0300000| Complete 
| 742|0x00000000b0400000, 0x00000000b0500000, 0x00000000b0500000|100%|HC|  |TAMS 0x00000000b0400000, 0x00000000b0400000| Complete 
| 743|0x00000000b0500000, 0x00000000b0600000, 0x00000000b0600000|100%|HC|  |TAMS 0x00000000b0500000, 0x00000000b0500000| Complete 
| 744|0x00000000b0600000, 0x00000000b0700000, 0x00000000b0700000|100%|HC|  |TAMS 0x00000000b0600000, 0x00000000b0600000| Complete 
| 745|0x00000000b0700000, 0x00000000b0800000, 0x00000000b0800000|100%|HC|  |TAMS 0x00000000b0700000, 0x00000000b0700000| Complete 
| 746|0x00000000b0800000, 0x00000000b0900000, 0x00000000b0900000|100%|HC|  |TAMS 0x00000000b0800000, 0x00000000b0800000| Complete 
| 747|0x00000000b0900000, 0x00000000b0a00000, 0x00000000b0a00000|100%|HC|  |TAMS 0x00000000b0900000, 0x00000000b0900000| Complete 
| 748|0x00000000b0a00000, 0x00000000b0b00000, 0x00000000b0b00000|100%|HC|  |TAMS 0x00000000b0a00000, 0x00000000b0a00000| Complete 
| 749|0x00000000b0b00000, 0x00000000b0c00000, 0x00000000b0c00000|100%|HC|  |TAMS 0x00000000b0b00000, 0x00000000b0b00000| Complete 
| 750|0x00000000b0c00000, 0x00000000b0d00000, 0x00000000b0d00000|100%|HC|  |TAMS 0x00000000b0c00000, 0x00000000b0c00000| Complete 
| 751|0x00000000b0d00000, 0x00000000b0e00000, 0x00000000b0e00000|100%|HS|  |TAMS 0x00000000b0d00000, 0x00000000b0d00000| Complete 
| 752|0x00000000b0e00000, 0x00000000b0f00000, 0x00000000b0f00000|100%|HC|  |TAMS 0x00000000b0e00000, 0x00000000b0e00000| Complete 
| 753|0x00000000b0f00000, 0x00000000b1000000, 0x00000000b1000000|100%|HC|  |TAMS 0x00000000b0f00000, 0x00000000b0f00000| Complete 
| 754|0x00000000b1000000, 0x00000000b1100000, 0x00000000b1100000|100%|HC|  |TAMS 0x00000000b1000000, 0x00000000b1000000| Complete 
| 755|0x00000000b1100000, 0x00000000b1200000, 0x00000000b1200000|100%|HC|  |TAMS 0x00000000b1100000, 0x00000000b1100000| Complete 
| 756|0x00000000b1200000, 0x00000000b1300000, 0x00000000b1300000|100%|HC|  |TAMS 0x00000000b1200000, 0x00000000b1200000| Complete 
| 757|0x00000000b1300000, 0x00000000b1400000, 0x00000000b1400000|100%|HC|  |TAMS 0x00000000b1300000, 0x00000000b1300000| Complete 
| 758|0x00000000b1400000, 0x00000000b1500000, 0x00000000b1500000|100%|HC|  |TAMS 0x00000000b1400000, 0x00000000b1400000| Complete 
| 759|0x00000000b1500000, 0x00000000b1600000, 0x00000000b1600000|100%|HC|  |TAMS 0x00000000b1500000, 0x00000000b1500000| Complete 
| 760|0x00000000b1600000, 0x00000000b1700000, 0x00000000b1700000|100%|HC|  |TAMS 0x00000000b1600000, 0x00000000b1600000| Complete 
| 761|0x00000000b1700000, 0x00000000b1800000, 0x00000000b1800000|100%|HC|  |TAMS 0x00000000b1700000, 0x00000000b1700000| Complete 
| 762|0x00000000b1800000, 0x00000000b1900000, 0x00000000b1900000|100%|HC|  |TAMS 0x00000000b1800000, 0x00000000b1800000| Complete 
| 763|0x00000000b1900000, 0x00000000b1a00000, 0x00000000b1a00000|100%|HC|  |TAMS 0x00000000b1900000, 0x00000000b1900000| Complete 
| 764|0x00000000b1a00000, 0x00000000b1b00000, 0x00000000b1b00000|100%|HC|  |TAMS 0x00000000b1a00000, 0x00000000b1a00000| Complete 
| 765|0x00000000b1b00000, 0x00000000b1c00000, 0x00000000b1c00000|100%|HC|  |TAMS 0x00000000b1b00000, 0x00000000b1b00000| Complete 
| 766|0x00000000b1c00000, 0x00000000b1d00000, 0x00000000b1d00000|100%|HC|  |TAMS 0x00000000b1c00000, 0x00000000b1c00000| Complete 
| 767|0x00000000b1d00000, 0x00000000b1e00000, 0x00000000b1e00000|100%|HC|  |TAMS 0x00000000b1d00000, 0x00000000b1d00000| Complete 
| 768|0x00000000b1e00000, 0x00000000b1f00000, 0x00000000b1f00000|100%|HC|  |TAMS 0x00000000b1e00000, 0x00000000b1e00000| Complete 
| 769|0x00000000b1f00000, 0x00000000b2000000, 0x00000000b2000000|100%|HC|  |TAMS 0x00000000b1f00000, 0x00000000b1f00000| Complete 
| 770|0x00000000b2000000, 0x00000000b2100000, 0x00000000b2100000|100%|HC|  |TAMS 0x00000000b2000000, 0x00000000b2000000| Complete 
| 771|0x00000000b2100000, 0x00000000b2200000, 0x00000000b2200000|100%|HC|  |TAMS 0x00000000b2100000, 0x00000000b2100000| Complete 
| 772|0x00000000b2200000, 0x00000000b2300000, 0x00000000b2300000|100%|HC|  |TAMS 0x00000000b2200000, 0x00000000b2200000| Complete 
| 773|0x00000000b2300000, 0x00000000b2400000, 0x00000000b2400000|100%|HC|  |TAMS 0x00000000b2300000, 0x00000000b2300000| Complete 
| 774|0x00000000b2400000, 0x00000000b2500000, 0x00000000b2500000|100%|HC|  |TAMS 0x00000000b2400000, 0x00000000b2400000| Complete 
| 775|0x00000000b2500000, 0x00000000b2600000, 0x00000000b2600000|100%|HC|  |TAMS 0x00000000b2500000, 0x00000000b2500000| Complete 
| 776|0x00000000b2600000, 0x00000000b2700000, 0x00000000b2700000|100%|HC|  |TAMS 0x00000000b2600000, 0x00000000b2600000| Complete 
| 777|0x00000000b2700000, 0x00000000b2800000, 0x00000000b2800000|100%|HC|  |TAMS 0x00000000b2700000, 0x00000000b2700000| Complete 
| 778|0x00000000b2800000, 0x00000000b2900000, 0x00000000b2900000|100%|HS|  |TAMS 0x00000000b2800000, 0x00000000b2800000| Complete 
| 779|0x00000000b2900000, 0x00000000b2a00000, 0x00000000b2a00000|100%|HC|  |TAMS 0x00000000b2900000, 0x00000000b2900000| Complete 
| 780|0x00000000b2a00000, 0x00000000b2b00000, 0x00000000b2b00000|100%|HC|  |TAMS 0x00000000b2a00000, 0x00000000b2a00000| Complete 
| 781|0x00000000b2b00000, 0x00000000b2c00000, 0x00000000b2c00000|100%|HC|  |TAMS 0x00000000b2b00000, 0x00000000b2b00000| Complete 
| 782|0x00000000b2c00000, 0x00000000b2d00000, 0x00000000b2d00000|100%|HC|  |TAMS 0x00000000b2c00000, 0x00000000b2c00000| Complete 
| 783|0x00000000b2d00000, 0x00000000b2e00000, 0x00000000b2e00000|100%|HC|  |TAMS 0x00000000b2d00000, 0x00000000b2d00000| Complete 
| 784|0x00000000b2e00000, 0x00000000b2f00000, 0x00000000b2f00000|100%|HC|  |TAMS 0x00000000b2e00000, 0x00000000b2e00000| Complete 
| 785|0x00000000b2f00000, 0x00000000b3000000, 0x00000000b3000000|100%|HC|  |TAMS 0x00000000b2f00000, 0x00000000b2f00000| Complete 
| 786|0x00000000b3000000, 0x00000000b3100000, 0x00000000b3100000|100%|HC|  |TAMS 0x00000000b3000000, 0x00000000b3000000| Complete 
| 787|0x00000000b3100000, 0x00000000b3200000, 0x00000000b3200000|100%|HC|  |TAMS 0x00000000b3100000, 0x00000000b3100000| Complete 
| 788|0x00000000b3200000, 0x00000000b3300000, 0x00000000b3300000|100%|HC|  |TAMS 0x00000000b3200000, 0x00000000b3200000| Complete 
| 789|0x00000000b3300000, 0x00000000b3400000, 0x00000000b3400000|100%|HC|  |TAMS 0x00000000b3300000, 0x00000000b3300000| Complete 
| 790|0x00000000b3400000, 0x00000000b3500000, 0x00000000b3500000|100%|HC|  |TAMS 0x00000000b3400000, 0x00000000b3400000| Complete 
| 791|0x00000000b3500000, 0x00000000b3600000, 0x00000000b3600000|100%|HC|  |TAMS 0x00000000b3500000, 0x00000000b3500000| Complete 
| 792|0x00000000b3600000, 0x00000000b3700000, 0x00000000b3700000|100%|HS|  |TAMS 0x00000000b3600000, 0x00000000b3600000| Complete 
| 793|0x00000000b3700000, 0x00000000b3800000, 0x00000000b3800000|100%|HC|  |TAMS 0x00000000b3700000, 0x00000000b3700000| Complete 
| 794|0x00000000b3800000, 0x00000000b3900000, 0x00000000b3900000|100%|HC|  |TAMS 0x00000000b3800000, 0x00000000b3800000| Complete 
| 795|0x00000000b3900000, 0x00000000b3a00000, 0x00000000b3a00000|100%|HC|  |TAMS 0x00000000b3900000, 0x00000000b3900000| Complete 
| 796|0x00000000b3a00000, 0x00000000b3b00000, 0x00000000b3b00000|100%|HC|  |TAMS 0x00000000b3a00000, 0x00000000b3a00000| Complete 
| 797|0x00000000b3b00000, 0x00000000b3c00000, 0x00000000b3c00000|100%|HC|  |TAMS 0x00000000b3b00000, 0x00000000b3b00000| Complete 
| 798|0x00000000b3c00000, 0x00000000b3d00000, 0x00000000b3d00000|100%|HC|  |TAMS 0x00000000b3c00000, 0x00000000b3c00000| Complete 
| 799|0x00000000b3d00000, 0x00000000b3e00000, 0x00000000b3e00000|100%|HC|  |TAMS 0x00000000b3d00000, 0x00000000b3d00000| Complete 
| 800|0x00000000b3e00000, 0x00000000b3f00000, 0x00000000b3f00000|100%|HC|  |TAMS 0x00000000b3e00000, 0x00000000b3e00000| Complete 
| 801|0x00000000b3f00000, 0x00000000b4000000, 0x00000000b4000000|100%|HC|  |TAMS 0x00000000b3f00000, 0x00000000b3f00000| Complete 
| 802|0x00000000b4000000, 0x00000000b4100000, 0x00000000b4100000|100%|HC|  |TAMS 0x00000000b4000000, 0x00000000b4000000| Complete 
| 803|0x00000000b4100000, 0x00000000b4200000, 0x00000000b4200000|100%|HC|  |TAMS 0x00000000b4100000, 0x00000000b4100000| Complete 
| 804|0x00000000b4200000, 0x00000000b4300000, 0x00000000b4300000|100%|HC|  |TAMS 0x00000000b4200000, 0x00000000b4200000| Complete 
| 805|0x00000000b4300000, 0x00000000b4400000, 0x00000000b4400000|100%|HC|  |TAMS 0x00000000b4300000, 0x00000000b4300000| Complete 
| 806|0x00000000b4400000, 0x00000000b4500000, 0x00000000b4500000|100%|HS|  |TAMS 0x00000000b4400000, 0x00000000b4400000| Complete 
| 807|0x00000000b4500000, 0x00000000b4600000, 0x00000000b4600000|100%|HC|  |TAMS 0x00000000b4500000, 0x00000000b4500000| Complete 
| 808|0x00000000b4600000, 0x00000000b4700000, 0x00000000b4700000|100%|HC|  |TAMS 0x00000000b4600000, 0x00000000b4600000| Complete 
| 809|0x00000000b4700000, 0x00000000b4800000, 0x00000000b4800000|100%|HC|  |TAMS 0x00000000b4700000, 0x00000000b4700000| Complete 
| 810|0x00000000b4800000, 0x00000000b4900000, 0x00000000b4900000|100%|HC|  |TAMS 0x00000000b4800000, 0x00000000b4800000| Complete 
| 811|0x00000000b4900000, 0x00000000b4a00000, 0x00000000b4a00000|100%|HC|  |TAMS 0x00000000b4900000, 0x00000000b4900000| Complete 
| 812|0x00000000b4a00000, 0x00000000b4b00000, 0x00000000b4b00000|100%|HC|  |TAMS 0x00000000b4a00000, 0x00000000b4a00000| Complete 
| 813|0x00000000b4b00000, 0x00000000b4c00000, 0x00000000b4c00000|100%|HC|  |TAMS 0x00000000b4b00000, 0x00000000b4b00000| Complete 
| 814|0x00000000b4c00000, 0x00000000b4d00000, 0x00000000b4d00000|100%|HC|  |TAMS 0x00000000b4c00000, 0x00000000b4c00000| Complete 
| 815|0x00000000b4d00000, 0x00000000b4e00000, 0x00000000b4e00000|100%|HC|  |TAMS 0x00000000b4d00000, 0x00000000b4d00000| Complete 
| 816|0x00000000b4e00000, 0x00000000b4f00000, 0x00000000b4f00000|100%|HC|  |TAMS 0x00000000b4e00000, 0x00000000b4e00000| Complete 
| 817|0x00000000b4f00000, 0x00000000b5000000, 0x00000000b5000000|100%|HC|  |TAMS 0x00000000b4f00000, 0x00000000b4f00000| Complete 
| 818|0x00000000b5000000, 0x00000000b5100000, 0x00000000b5100000|100%|HC|  |TAMS 0x00000000b5000000, 0x00000000b5000000| Complete 
| 819|0x00000000b5100000, 0x00000000b5200000, 0x00000000b5200000|100%|HC|  |TAMS 0x00000000b5100000, 0x00000000b5100000| Complete 
| 820|0x00000000b5200000, 0x00000000b5300000, 0x00000000b5300000|100%|HS|  |TAMS 0x00000000b5200000, 0x00000000b5200000| Complete 
| 821|0x00000000b5300000, 0x00000000b5400000, 0x00000000b5400000|100%|HC|  |TAMS 0x00000000b5300000, 0x00000000b5300000| Complete 
| 822|0x00000000b5400000, 0x00000000b5500000, 0x00000000b5500000|100%|HC|  |TAMS 0x00000000b5400000, 0x00000000b5400000| Complete 
| 823|0x00000000b5500000, 0x00000000b5600000, 0x00000000b5600000|100%|HC|  |TAMS 0x00000000b5500000, 0x00000000b5500000| Complete 
| 824|0x00000000b5600000, 0x00000000b5700000, 0x00000000b5700000|100%|HC|  |TAMS 0x00000000b5600000, 0x00000000b5600000| Complete 
| 825|0x00000000b5700000, 0x00000000b5800000, 0x00000000b5800000|100%|HC|  |TAMS 0x00000000b5700000, 0x00000000b5700000| Complete 
| 826|0x00000000b5800000, 0x00000000b5900000, 0x00000000b5900000|100%|HC|  |TAMS 0x00000000b5800000, 0x00000000b5800000| Complete 
| 827|0x00000000b5900000, 0x00000000b5a00000, 0x00000000b5a00000|100%|HC|  |TAMS 0x00000000b5900000, 0x00000000b5900000| Complete 
| 828|0x00000000b5a00000, 0x00000000b5b00000, 0x00000000b5b00000|100%|HC|  |TAMS 0x00000000b5a00000, 0x00000000b5a00000| Complete 
| 829|0x00000000b5b00000, 0x00000000b5c00000, 0x00000000b5c00000|100%|HC|  |TAMS 0x00000000b5b00000, 0x00000000b5b00000| Complete 
| 830|0x00000000b5c00000, 0x00000000b5d00000, 0x00000000b5d00000|100%|HC|  |TAMS 0x00000000b5c00000, 0x00000000b5c00000| Complete 
| 831|0x00000000b5d00000, 0x00000000b5e00000, 0x00000000b5e00000|100%|HC|  |TAMS 0x00000000b5d00000, 0x00000000b5d00000| Complete 
| 832|0x00000000b5e00000, 0x00000000b5f00000, 0x00000000b5f00000|100%|HC|  |TAMS 0x00000000b5e00000, 0x00000000b5e00000| Complete 
| 833|0x00000000b5f00000, 0x00000000b6000000, 0x00000000b6000000|100%|HC|  |TAMS 0x00000000b5f00000, 0x00000000b5f00000| Complete 
| 834|0x00000000b6000000, 0x00000000b6100000, 0x00000000b6100000|100%|HS|  |TAMS 0x00000000b6000000, 0x00000000b6000000| Complete 
| 835|0x00000000b6100000, 0x00000000b6200000, 0x00000000b6200000|100%|HC|  |TAMS 0x00000000b6100000, 0x00000000b6100000| Complete 
| 836|0x00000000b6200000, 0x00000000b6300000, 0x00000000b6300000|100%|HC|  |TAMS 0x00000000b6200000, 0x00000000b6200000| Complete 
| 837|0x00000000b6300000, 0x00000000b6400000, 0x00000000b6400000|100%|HC|  |TAMS 0x00000000b6300000, 0x00000000b6300000| Complete 
| 838|0x00000000b6400000, 0x00000000b6500000, 0x00000000b6500000|100%|HC|  |TAMS 0x00000000b6400000, 0x00000000b6400000| Complete 
| 839|0x00000000b6500000, 0x00000000b6600000, 0x00000000b6600000|100%|HC|  |TAMS 0x00000000b6500000, 0x00000000b6500000| Complete 
| 840|0x00000000b6600000, 0x00000000b6700000, 0x00000000b6700000|100%|HC|  |TAMS 0x00000000b6600000, 0x00000000b6600000| Complete 
| 841|0x00000000b6700000, 0x00000000b6800000, 0x00000000b6800000|100%|HC|  |TAMS 0x00000000b6700000, 0x00000000b6700000| Complete 
| 842|0x00000000b6800000, 0x00000000b6900000, 0x00000000b6900000|100%|HC|  |TAMS 0x00000000b6800000, 0x00000000b6800000| Complete 
| 843|0x00000000b6900000, 0x00000000b6a00000, 0x00000000b6a00000|100%|HC|  |TAMS 0x00000000b6900000, 0x00000000b6900000| Complete 
| 844|0x00000000b6a00000, 0x00000000b6b00000, 0x00000000b6b00000|100%|HC|  |TAMS 0x00000000b6a00000, 0x00000000b6a00000| Complete 
| 845|0x00000000b6b00000, 0x00000000b6c00000, 0x00000000b6c00000|100%|HC|  |TAMS 0x00000000b6b00000, 0x00000000b6b00000| Complete 
| 846|0x00000000b6c00000, 0x00000000b6d00000, 0x00000000b6d00000|100%|HC|  |TAMS 0x00000000b6c00000, 0x00000000b6c00000| Complete 
| 847|0x00000000b6d00000, 0x00000000b6e00000, 0x00000000b6e00000|100%|HC|  |TAMS 0x00000000b6d00000, 0x00000000b6d00000| Complete 
| 848|0x00000000b6e00000, 0x00000000b6f00000, 0x00000000b6f00000|100%|HC|  |TAMS 0x00000000b6e00000, 0x00000000b6e00000| Complete 
| 849|0x00000000b6f00000, 0x00000000b7000000, 0x00000000b7000000|100%|HC|  |TAMS 0x00000000b6f00000, 0x00000000b6f00000| Complete 
| 850|0x00000000b7000000, 0x00000000b7100000, 0x00000000b7100000|100%|HC|  |TAMS 0x00000000b7000000, 0x00000000b7000000| Complete 
| 851|0x00000000b7100000, 0x00000000b7200000, 0x00000000b7200000|100%|HC|  |TAMS 0x00000000b7100000, 0x00000000b7100000| Complete 
| 852|0x00000000b7200000, 0x00000000b7300000, 0x00000000b7300000|100%|HC|  |TAMS 0x00000000b7200000, 0x00000000b7200000| Complete 
| 853|0x00000000b7300000, 0x00000000b7400000, 0x00000000b7400000|100%|HC|  |TAMS 0x00000000b7300000, 0x00000000b7300000| Complete 
| 854|0x00000000b7400000, 0x00000000b7500000, 0x00000000b7500000|100%|HC|  |TAMS 0x00000000b7400000, 0x00000000b7400000| Complete 
| 855|0x00000000b7500000, 0x00000000b7600000, 0x00000000b7600000|100%|HC|  |TAMS 0x00000000b7500000, 0x00000000b7500000| Complete 
| 856|0x00000000b7600000, 0x00000000b7700000, 0x00000000b7700000|100%|HC|  |TAMS 0x00000000b7600000, 0x00000000b7600000| Complete 
| 857|0x00000000b7700000, 0x00000000b7800000, 0x00000000b7800000|100%|HC|  |TAMS 0x00000000b7700000, 0x00000000b7700000| Complete 
| 858|0x00000000b7800000, 0x00000000b7900000, 0x00000000b7900000|100%|HC|  |TAMS 0x00000000b7800000, 0x00000000b7800000| Complete 
| 859|0x00000000b7900000, 0x00000000b7a00000, 0x00000000b7a00000|100%|HC|  |TAMS 0x00000000b7900000, 0x00000000b7900000| Complete 
| 860|0x00000000b7a00000, 0x00000000b7b00000, 0x00000000b7b00000|100%|HC|  |TAMS 0x00000000b7a00000, 0x00000000b7a00000| Complete 
| 861|0x00000000b7b00000, 0x00000000b7c00000, 0x00000000b7c00000|100%|HS|  |TAMS 0x00000000b7b00000, 0x00000000b7b00000| Complete 
| 862|0x00000000b7c00000, 0x00000000b7d00000, 0x00000000b7d00000|100%|HC|  |TAMS 0x00000000b7c00000, 0x00000000b7c00000| Complete 
| 863|0x00000000b7d00000, 0x00000000b7e00000, 0x00000000b7e00000|100%|HC|  |TAMS 0x00000000b7d00000, 0x00000000b7d00000| Complete 
| 864|0x00000000b7e00000, 0x00000000b7f00000, 0x00000000b7f00000|100%|HC|  |TAMS 0x00000000b7e00000, 0x00000000b7e00000| Complete 
| 865|0x00000000b7f00000, 0x00000000b8000000, 0x00000000b8000000|100%|HC|  |TAMS 0x00000000b7f00000, 0x00000000b7f00000| Complete 
| 866|0x00000000b8000000, 0x00000000b8100000, 0x00000000b8100000|100%|HC|  |TAMS 0x00000000b8000000, 0x00000000b8000000| Complete 
| 867|0x00000000b8100000, 0x00000000b8200000, 0x00000000b8200000|100%|HC|  |TAMS 0x00000000b8100000, 0x00000000b8100000| Complete 
| 868|0x00000000b8200000, 0x00000000b8300000, 0x00000000b8300000|100%|HC|  |TAMS 0x00000000b8200000, 0x00000000b8200000| Complete 
| 869|0x00000000b8300000, 0x00000000b8400000, 0x00000000b8400000|100%|HC|  |TAMS 0x00000000b8300000, 0x00000000b8300000| Complete 
| 870|0x00000000b8400000, 0x00000000b8500000, 0x00000000b8500000|100%|HC|  |TAMS 0x00000000b8400000, 0x00000000b8400000| Complete 
| 871|0x00000000b8500000, 0x00000000b8600000, 0x00000000b8600000|100%|HC|  |TAMS 0x00000000b8500000, 0x00000000b8500000| Complete 
| 872|0x00000000b8600000, 0x00000000b8700000, 0x00000000b8700000|100%|HC|  |TAMS 0x00000000b8600000, 0x00000000b8600000| Complete 
| 873|0x00000000b8700000, 0x00000000b8800000, 0x00000000b8800000|100%|HC|  |TAMS 0x00000000b8700000, 0x00000000b8700000| Complete 
| 874|0x00000000b8800000, 0x00000000b8900000, 0x00000000b8900000|100%|HC|  |TAMS 0x00000000b8800000, 0x00000000b8800000| Complete 
| 875|0x00000000b8900000, 0x00000000b8a00000, 0x00000000b8a00000|100%|HS|  |TAMS 0x00000000b8900000, 0x00000000b8900000| Complete 
| 876|0x00000000b8a00000, 0x00000000b8b00000, 0x00000000b8b00000|100%|HC|  |TAMS 0x00000000b8a00000, 0x00000000b8a00000| Complete 
| 877|0x00000000b8b00000, 0x00000000b8c00000, 0x00000000b8c00000|100%|HC|  |TAMS 0x00000000b8b00000, 0x00000000b8b00000| Complete 
| 878|0x00000000b8c00000, 0x00000000b8d00000, 0x00000000b8d00000|100%|HC|  |TAMS 0x00000000b8c00000, 0x00000000b8c00000| Complete 
| 879|0x00000000b8d00000, 0x00000000b8e00000, 0x00000000b8e00000|100%|HC|  |TAMS 0x00000000b8d00000, 0x00000000b8d00000| Complete 
| 880|0x00000000b8e00000, 0x00000000b8f00000, 0x00000000b8f00000|100%|HC|  |TAMS 0x00000000b8e00000, 0x00000000b8e00000| Complete 
| 881|0x00000000b8f00000, 0x00000000b9000000, 0x00000000b9000000|100%|HC|  |TAMS 0x00000000b8f00000, 0x00000000b8f00000| Complete 
| 882|0x00000000b9000000, 0x00000000b9100000, 0x00000000b9100000|100%|HC|  |TAMS 0x00000000b9000000, 0x00000000b9000000| Complete 
| 883|0x00000000b9100000, 0x00000000b9200000, 0x00000000b9200000|100%|HC|  |TAMS 0x00000000b9100000, 0x00000000b9100000| Complete 
| 884|0x00000000b9200000, 0x00000000b9300000, 0x00000000b9300000|100%|HC|  |TAMS 0x00000000b9200000, 0x00000000b9200000| Complete 
| 885|0x00000000b9300000, 0x00000000b9400000, 0x00000000b9400000|100%|HC|  |TAMS 0x00000000b9300000, 0x00000000b9300000| Complete 
| 886|0x00000000b9400000, 0x00000000b9500000, 0x00000000b9500000|100%|HC|  |TAMS 0x00000000b9400000, 0x00000000b9400000| Complete 
| 887|0x00000000b9500000, 0x00000000b9600000, 0x00000000b9600000|100%|HC|  |TAMS 0x00000000b9500000, 0x00000000b9500000| Complete 
| 888|0x00000000b9600000, 0x00000000b9700000, 0x00000000b9700000|100%|HC|  |TAMS 0x00000000b9600000, 0x00000000b9600000| Complete 
| 889|0x00000000b9700000, 0x00000000b9700000, 0x00000000b9800000|  0%| F|  |TAMS 0x00000000b9700000, 0x00000000b9700000| Untracked 
| 890|0x00000000b9800000, 0x00000000b9800000, 0x00000000b9900000|  0%| F|  |TAMS 0x00000000b9800000, 0x00000000b9800000| Untracked 
| 891|0x00000000b9900000, 0x00000000b9900000, 0x00000000b9a00000|  0%| F|  |TAMS 0x00000000b9900000, 0x00000000b9900000| Untracked 
|2000|0x00000000fee00000, 0x00000000fee60200, 0x00000000fef00000| 37%| O|  |TAMS 0x00000000fee00000, 0x00000000fee00000| Untracked 
|2001|0x00000000fef00000, 0x00000000ff000000, 0x00000000ff000000|100%| O|  |TAMS 0x00000000fef00000, 0x00000000fef00000| Untracked 
|2002|0x00000000ff000000, 0x00000000ff100000, 0x00000000ff100000|100%| O|  |TAMS 0x00000000ff000000, 0x00000000ff000000| Untracked 
|2003|0x00000000ff100000, 0x00000000ff200000, 0x00000000ff200000|100%| O|  |TAMS 0x00000000ff100000, 0x00000000ff100000| Untracked 
|2004|0x00000000ff200000, 0x00000000ff300000, 0x00000000ff300000|100%| O|  |TAMS 0x00000000ff200000, 0x00000000ff200000| Untracked 
|2005|0x00000000ff300000, 0x00000000ff400000, 0x00000000ff400000|100%| O|  |TAMS 0x00000000ff300000, 0x00000000ff300000| Untracked 
|2006|0x00000000ff400000, 0x00000000ff500000, 0x00000000ff500000|100%| O|  |TAMS 0x00000000ff400000, 0x00000000ff400000| Untracked 
|2007|0x00000000ff500000, 0x00000000ff600000, 0x00000000ff600000|100%| O|  |TAMS 0x00000000ff500000, 0x00000000ff500000| Untracked 
|2008|0x00000000ff600000, 0x00000000ff700000, 0x00000000ff700000|100%| O|  |TAMS 0x00000000ff600000, 0x00000000ff600000| Untracked 
|2009|0x00000000ff700000, 0x00000000ff800000, 0x00000000ff800000|100%| O|  |TAMS 0x00000000ff700000, 0x00000000ff700000| Untracked 
|2010|0x00000000ff800000, 0x00000000ff900000, 0x00000000ff900000|100%| O|  |TAMS 0x00000000ff800000, 0x00000000ff800000| Untracked 
|2011|0x00000000ff900000, 0x00000000ffa00000, 0x00000000ffa00000|100%| O|  |TAMS 0x00000000ff900000, 0x00000000ff900000| Untracked 
|2012|0x00000000ffa00000, 0x00000000ffb00000, 0x00000000ffb00000|100%| O|  |TAMS 0x00000000ffa00000, 0x00000000ffa00000| Untracked 
|2013|0x00000000ffb00000, 0x00000000ffc00000, 0x00000000ffc00000|100%| O|  |TAMS 0x00000000ffb00000, 0x00000000ffb00000| Untracked 
|2014|0x00000000ffc00000, 0x00000000ffd00000, 0x00000000ffd00000|100%| O|  |TAMS 0x00000000ffc00000, 0x00000000ffc00000| Untracked 
|2015|0x00000000ffd00000, 0x00000000ffe00000, 0x00000000ffe00000|100%| O|  |TAMS 0x00000000ffd00000, 0x00000000ffd00000| Untracked 
|2016|0x00000000ffe00000, 0x00000000fff00000, 0x00000000fff00000|100%| O|  |TAMS 0x00000000ffe00000, 0x00000000ffe00000| Untracked 
|2017|0x00000000fff00000, 0x0000000100000000, 0x0000000100000000|100%| O|  |TAMS 0x00000000fff00000, 0x00000000fff00000| Untracked 

Card table byte_map: [0x0000027f96930000,0x0000027f96d30000] _byte_map_base: 0x0000027f96521000

Marking Bits (Prev, Next): (CMBitMap*) 0x0000027f8b953800, (CMBitMap*) 0x0000027f8b9537c0
 Prev Bits: [0x0000027f990c0000, 0x0000027f9b048000)
 Next Bits: [0x0000027f97130000, 0x0000027f990b8000)

Polling page: 0x0000027f89a50000

Metaspace:

Usage:
  Non-class:    112.58 MB used.
      Class:     18.40 MB used.
       Both:    130.99 MB used.

Virtual space:
  Non-class space:      192.00 MB reserved,     117.88 MB ( 61%) committed,  3 nodes.
      Class space:        1.00 GB reserved,      21.19 MB (  2%) committed,  1 nodes.
             Both:        1.19 GB reserved,     139.06 MB ( 11%) committed. 

Chunk freelists:
   Non-Class:  30.56 MB
       Class:  13.17 MB
        Both:  43.73 MB

MaxMetaspaceSize: unlimited
CompressedClassSpaceSize: 1.00 GB
Initial GC threshold: 21.00 MB
Current GC threshold: 252.94 MB
CDS: on
MetaspaceReclaimPolicy: balanced
 - commit_granule_bytes: 65536.
 - commit_granule_words: 8192.
 - virtual_space_node_default_size: 8388608.
 - enlarge_chunks_in_place: 1.
 - new_chunks_are_fully_committed: 0.
 - uncommit_free_chunks: 1.
 - use_allocation_guard: 0.
 - handle_deallocations: 1.


Internal statistics:

num_allocs_failed_limit: 67.
num_arena_births: 6486.
num_arena_deaths: 4996.
num_vsnodes_births: 4.
num_vsnodes_deaths: 0.
num_space_committed: 2602.
num_space_uncommitted: 377.
num_chunks_returned_to_freelist: 7729.
num_chunks_taken_from_freelist: 14923.
num_chunk_merges: 3037.
num_chunk_splits: 9262.
num_chunks_enlarged: 5533.
num_inconsistent_stats: 0.

CodeCache: size=49152Kb used=42224Kb max_used=44703Kb free=6927Kb
 bounds [0x0000027f93420000, 0x0000027f95fd0000, 0x0000027f96420000]
 total_blobs=23144 nmethods=22249 adapters=819
 compilation: enabled
              stopped_count=0, restarted_count=0
 full_count=0

Compilation events (20 events):
Event: 3006.887 Thread 0x0000027f9db2f450 nmethod 23145 0x0000027f94912e10 code [0x0000027f94912fa0, 0x0000027f949130a8]
Event: 3006.887 Thread 0x0000027f9db2f450 23146       1       org.hibernate.engine.internal.EntityEntryImpl::getStatus (11 bytes)
Event: 3006.888 Thread 0x0000027f9db2f450 nmethod 23146 0x0000027f94912990 code [0x0000027f94912b20, 0x0000027f94912c98]
Event: 3006.888 Thread 0x0000027f9db2f450 23148       1       org.hibernate.event.internal.AbstractVisitor::processValue (84 bytes)
Event: 3006.890 Thread 0x0000027fe7bab020 nmethod 23144 0x0000027f94912490 code [0x0000027f94912640, 0x0000027f949127e8]
Event: 3006.890 Thread 0x0000027fe7bab020 23147       1       org.hibernate.engine.internal.ManagedTypeHelper::asManagedEntity (50 bytes)
Event: 3006.891 Thread 0x0000027f9db2f450 nmethod 23148 0x0000027f95cee590 code [0x0000027f95cee780, 0x0000027f95ceebf8]
Event: 3006.891 Thread 0x0000027fe7bab020 nmethod 23147 0x0000027f95cede10 code [0x0000027f95cee000, 0x0000027f95cee388]
Event: 3007.065 Thread 0x0000027fe7bab020 23149       1       org.hibernate.engine.spi.CascadingActions$8::deleteOrphans (2 bytes)
Event: 3007.065 Thread 0x0000027fe7bab020 nmethod 23149 0x0000027f94911f90 code [0x0000027f94912120, 0x0000027f949121f8]
Event: 3007.065 Thread 0x0000027fe7bab020 23150       1       org.hibernate.event.internal.FlushVisitor::includeEntityProperty (2 bytes)
Event: 3007.065 Thread 0x0000027fe7bab020 nmethod 23150 0x0000027f95ced890 code [0x0000027f95ceda20, 0x0000027f95cedaf8]
Event: 3007.065 Thread 0x0000027fe7bab020 23151       1       org.hibernate.engine.internal.EntityEntryImpl::getId (5 bytes)
Event: 3007.066 Thread 0x0000027fe7bab020 nmethod 23151 0x0000027f950d9b90 code [0x0000027f950d9d20, 0x0000027f950d9df8]
Event: 3008.003 Thread 0x0000027fe7bab020 23152       1       org.hibernate.internal.AbstractSharedSessionContract::getEventListenerManager (5 bytes)
Event: 3008.004 Thread 0x0000027fe7bab020 nmethod 23152 0x0000027f950d9890 code [0x0000027f950d9a20, 0x0000027f950d9af8]
Event: 3008.010 Thread 0x0000027fe7bab020 23153       1       org.hibernate.resource.jdbc.spi.PhysicalConnectionHandlingMode::getReleaseMode (5 bytes)
Event: 3008.011 Thread 0x0000027fe7bab020 nmethod 23153 0x0000027f950d9590 code [0x0000027f950d9720, 0x0000027f950d97f8]
Event: 3009.021 Thread 0x0000027fe7bab020 23154       1       java.util.TreeMap::clear (21 bytes)
Event: 3009.025 Thread 0x0000027fe7bab020 nmethod 23154 0x0000027f950d9290 code [0x0000027f950d9420, 0x0000027f950d9518]

GC Heap History (20 events):
Event: 2881.959 GC heap before
{Heap before GC invocations=46 (full 0):
 garbage-first heap   total 623616K, used 434551K [0x0000000081e00000, 0x0000000100000000)
  region size 1024K, 197 young (201728K), 13 survivors (13312K)
 Metaspace       used 163865K, committed 166528K, reserved 1245184K
  class space    used 22613K, committed 23872K, reserved 1048576K
}
Event: 2882.019 GC heap after
{Heap after GC invocations=47 (full 0):
 garbage-first heap   total 623616K, used 265984K [0x0000000081e00000, 0x0000000100000000)
  region size 1024K, 39 young (39936K), 39 survivors (39936K)
 Metaspace       used 163865K, committed 166528K, reserved 1245184K
  class space    used 22613K, committed 23872K, reserved 1048576K
}
Event: 2882.354 GC heap before
{Heap before GC invocations=47 (full 0):
 garbage-first heap   total 623616K, used 400128K [0x0000000081e00000, 0x0000000100000000)
  region size 1024K, 63 young (64512K), 39 survivors (39936K)
 Metaspace       used 163865K, committed 166528K, reserved 1245184K
  class space    used 22613K, committed 23872K, reserved 1048576K
}
Event: 2882.379 GC heap after
{Heap after GC invocations=48 (full 0):
 garbage-first heap   total 623616K, used 263296K [0x0000000081e00000, 0x0000000100000000)
  region size 1024K, 8 young (8192K), 8 survivors (8192K)
 Metaspace       used 163865K, committed 166528K, reserved 1245184K
  class space    used 22613K, committed 23872K, reserved 1048576K
}
Event: 2918.338 GC heap before
{Heap before GC invocations=49 (full 0):
 garbage-first heap   total 688128K, used 645248K [0x0000000081e00000, 0x0000000100000000)
  region size 1024K, 50 young (51200K), 8 survivors (8192K)
 Metaspace       used 147501K, committed 155392K, reserved 1245184K
  class space    used 20441K, committed 22976K, reserved 1048576K
}
Event: 2918.360 GC heap after
{Heap after GC invocations=50 (full 0):
 garbage-first heap   total 688128K, used 298722K [0x0000000081e00000, 0x0000000100000000)
  region size 1024K, 1 young (1024K), 1 survivors (1024K)
 Metaspace       used 147501K, committed 155392K, reserved 1245184K
  class space    used 20441K, committed 22976K, reserved 1048576K
}
Event: 2932.744 GC heap before
{Heap before GC invocations=50 (full 0):
 garbage-first heap   total 688128K, used 386786K [0x0000000081e00000, 0x0000000100000000)
  region size 1024K, 33 young (33792K), 1 survivors (1024K)
 Metaspace       used 147503K, committed 155392K, reserved 1245184K
  class space    used 20442K, committed 22976K, reserved 1048576K
}
Event: 2932.821 GC heap after
{Heap after GC invocations=51 (full 0):
 garbage-first heap   total 688128K, used 275787K [0x0000000081e00000, 0x0000000100000000)
  region size 1024K, 1 young (1024K), 1 survivors (1024K)
 Metaspace       used 147503K, committed 155392K, reserved 1245184K
  class space    used 20442K, committed 22976K, reserved 1048576K
}
Event: 2949.112 GC heap before
{Heap before GC invocations=51 (full 0):
 garbage-first heap   total 688128K, used 430411K [0x0000000081e00000, 0x0000000100000000)
  region size 1024K, 154 young (157696K), 1 survivors (1024K)
 Metaspace       used 147505K, committed 155392K, reserved 1245184K
  class space    used 20442K, committed 22976K, reserved 1048576K
}
Event: 2949.162 GC heap after
{Heap after GC invocations=52 (full 0):
 garbage-first heap   total 688128K, used 322304K [0x0000000081e00000, 0x0000000100000000)
  region size 1024K, 35 young (35840K), 35 survivors (35840K)
 Metaspace       used 147505K, committed 155392K, reserved 1245184K
  class space    used 20442K, committed 22976K, reserved 1048576K
}
Event: 2950.363 GC heap before
{Heap before GC invocations=52 (full 0):
 garbage-first heap   total 688128K, used 486144K [0x0000000081e00000, 0x0000000100000000)
  region size 1024K, 85 young (87040K), 35 survivors (35840K)
 Metaspace       used 147528K, committed 155392K, reserved 1245184K
  class space    used 20448K, committed 22976K, reserved 1048576K
}
Event: 2950.431 GC heap after
{Heap after GC invocations=53 (full 0):
 garbage-first heap   total 688128K, used 340096K [0x0000000081e00000, 0x0000000100000000)
  region size 1024K, 11 young (11264K), 11 survivors (11264K)
 Metaspace       used 147528K, committed 155392K, reserved 1245184K
  class space    used 20448K, committed 22976K, reserved 1048576K
}
Event: 2958.465 GC heap before
{Heap before GC invocations=54 (full 0):
 garbage-first heap   total 699392K, used 668800K [0x0000000081e00000, 0x0000000100000000)
  region size 1024K, 37 young (37888K), 11 survivors (11264K)
 Metaspace       used 134083K, committed 142400K, reserved 1245184K
  class space    used 18833K, committed 21696K, reserved 1048576K
}
Event: 2958.474 GC heap after
{Heap after GC invocations=55 (full 0):
 garbage-first heap   total 699392K, used 309879K [0x0000000081e00000, 0x0000000100000000)
  region size 1024K, 2 young (2048K), 2 survivors (2048K)
 Metaspace       used 134083K, committed 142400K, reserved 1245184K
  class space    used 18833K, committed 21696K, reserved 1048576K
}
Event: 2977.810 GC heap before
{Heap before GC invocations=55 (full 0):
 garbage-first heap   total 699392K, used 341623K [0x0000000081e00000, 0x0000000100000000)
  region size 1024K, 34 young (34816K), 2 survivors (2048K)
 Metaspace       used 134083K, committed 142400K, reserved 1245184K
  class space    used 18833K, committed 21696K, reserved 1048576K
}
Event: 2977.933 GC heap after
{Heap after GC invocations=56 (full 0):
 garbage-first heap   total 699392K, used 292268K [0x0000000081e00000, 0x0000000100000000)
  region size 1024K, 2 young (2048K), 2 survivors (2048K)
 Metaspace       used 134083K, committed 142400K, reserved 1245184K
  class space    used 18833K, committed 21696K, reserved 1048576K
}
Event: 2998.624 GC heap before
{Heap before GC invocations=56 (full 0):
 garbage-first heap   total 699392K, used 348588K [0x0000000081e00000, 0x0000000100000000)
  region size 1024K, 58 young (59392K), 2 survivors (2048K)
 Metaspace       used 134083K, committed 142400K, reserved 1245184K
  class space    used 18833K, committed 21696K, reserved 1048576K
}
Event: 2998.679 GC heap after
{Heap after GC invocations=57 (full 0):
 garbage-first heap   total 699392K, used 292295K [0x0000000081e00000, 0x0000000100000000)
  region size 1024K, 2 young (2048K), 2 survivors (2048K)
 Metaspace       used 134083K, committed 142400K, reserved 1245184K
  class space    used 18833K, committed 21696K, reserved 1048576K
}
Event: 3007.617 GC heap before
{Heap before GC invocations=58 (full 0):
 garbage-first heap   total 727040K, used 679367K [0x0000000081e00000, 0x0000000100000000)
  region size 1024K, 159 young (162816K), 2 survivors (2048K)
 Metaspace       used 134128K, committed 142400K, reserved 1245184K
  class space    used 18842K, committed 21696K, reserved 1048576K
}
Event: 3007.690 GC heap after
{Heap after GC invocations=59 (full 0):
 garbage-first heap   total 745472K, used 363904K [0x0000000081e00000, 0x0000000100000000)
  region size 1024K, 34 young (34816K), 34 survivors (34816K)
 Metaspace       used 134128K, committed 142400K, reserved 1245184K
  class space    used 18842K, committed 21696K, reserved 1048576K
}

Dll operation events (14 events):
Event: 0.018 Loaded shared library C:\Program Files\Amazon Corretto\jdk17.0.12_7\bin\java.dll
Event: 0.034 Loaded shared library C:\Program Files\Amazon Corretto\jdk17.0.12_7\bin\jsvml.dll
Event: 0.073 Loaded shared library C:\Program Files\Amazon Corretto\jdk17.0.12_7\bin\zip.dll
Event: 0.076 Loaded shared library C:\Program Files\Amazon Corretto\jdk17.0.12_7\bin\instrument.dll
Event: 0.081 Loaded shared library C:\Program Files\Amazon Corretto\jdk17.0.12_7\bin\net.dll
Event: 0.082 Loaded shared library C:\Program Files\Amazon Corretto\jdk17.0.12_7\bin\nio.dll
Event: 0.084 Loaded shared library C:\Program Files\Amazon Corretto\jdk17.0.12_7\bin\zip.dll
Event: 0.240 Loaded shared library C:\Program Files\Amazon Corretto\jdk17.0.12_7\bin\jimage.dll
Event: 1.935 Loaded shared library C:\Program Files\Amazon Corretto\jdk17.0.12_7\bin\verify.dll
Event: 4.122 Loaded shared library C:\Users\prath\.m2\wrapper\dists\apache-maven-3.9.11\03d7e36a140982eea48e22c1dcac01d8862b2550b2939e09a0809bbc5182a5bc\lib\jansi-native\Windows\x86_64\jansi.dll
Event: 4.130 Loaded shared library C:\Program Files\Amazon Corretto\jdk17.0.12_7\bin\management.dll
Event: 4.140 Loaded shared library C:\Program Files\Amazon Corretto\jdk17.0.12_7\bin\management_ext.dll
Event: 11.902 Loaded shared library C:\Program Files\Amazon Corretto\jdk17.0.12_7\bin\sunmscapi.dll
Event: 11.945 Loaded shared library C:\Program Files\Amazon Corretto\jdk17.0.12_7\bin\extnet.dll

Deoptimization events (20 events):
Event: 3005.559 Thread 0x0000027fee2b63e0 DEOPT PACKING pc=0x0000027f94789b3f sp=0x000000e9268fdd20
Event: 3005.559 Thread 0x0000027fee2b63e0 DEOPT UNPACKING pc=0x0000027f93477143 sp=0x000000e9268fd190 mode 1
Event: 3005.560 Thread 0x0000027fee2b63e0 DEOPT PACKING pc=0x0000027f952e7209 sp=0x000000e9268fdb40
Event: 3005.560 Thread 0x0000027fee2b63e0 DEOPT UNPACKING pc=0x0000027f93477143 sp=0x000000e9268fcff8 mode 1
Event: 3005.672 Thread 0x0000027fee2b63e0 DEOPT PACKING pc=0x0000027f94127ec4 sp=0x000000e9268fdb00
Event: 3005.672 Thread 0x0000027fee2b63e0 DEOPT UNPACKING pc=0x0000027f93477143 sp=0x000000e9268fd0a0 mode 1
Event: 3005.673 Thread 0x0000027fee2b63e0 DEOPT PACKING pc=0x0000027f94127ec4 sp=0x000000e9268fdb00
Event: 3005.673 Thread 0x0000027fee2b63e0 DEOPT UNPACKING pc=0x0000027f93477143 sp=0x000000e9268fd0a0 mode 1
Event: 3005.679 Thread 0x0000027fee2b63e0 DEOPT PACKING pc=0x0000027f94789b3f sp=0x000000e9268fdd20
Event: 3005.679 Thread 0x0000027fee2b63e0 DEOPT UNPACKING pc=0x0000027f93477143 sp=0x000000e9268fd190 mode 1
Event: 3005.681 Thread 0x0000027fee2b63e0 DEOPT PACKING pc=0x0000027f952e7209 sp=0x000000e9268fdb40
Event: 3005.681 Thread 0x0000027fee2b63e0 DEOPT UNPACKING pc=0x0000027f93477143 sp=0x000000e9268fcff8 mode 1
Event: 3006.030 Thread 0x0000027fee2b63e0 DEOPT PACKING pc=0x0000027f94127ec4 sp=0x000000e9268fdb00
Event: 3006.030 Thread 0x0000027fee2b63e0 DEOPT UNPACKING pc=0x0000027f93477143 sp=0x000000e9268fd0a0 mode 1
Event: 3006.031 Thread 0x0000027fee2b63e0 DEOPT PACKING pc=0x0000027f94127ec4 sp=0x000000e9268fdb00
Event: 3006.031 Thread 0x0000027fee2b63e0 DEOPT UNPACKING pc=0x0000027f93477143 sp=0x000000e9268fd0a0 mode 1
Event: 3006.033 Thread 0x0000027fee2b63e0 DEOPT PACKING pc=0x0000027f94789b3f sp=0x000000e9268fdd20
Event: 3006.033 Thread 0x0000027fee2b63e0 DEOPT UNPACKING pc=0x0000027f93477143 sp=0x000000e9268fd190 mode 1
Event: 3006.037 Thread 0x0000027fee2b63e0 DEOPT PACKING pc=0x0000027f952e7209 sp=0x000000e9268fdb40
Event: 3006.037 Thread 0x0000027fee2b63e0 DEOPT UNPACKING pc=0x0000027f93477143 sp=0x000000e9268fcff8 mode 1

Classes loaded (20 events):
Event: 1667.887 Loading class jdk/internal/module/IllegalAccessLogger
Event: 1667.889 Loading class jdk/internal/module/IllegalAccessLogger done
Event: 2185.484 Loading class jdk/internal/module/IllegalAccessLogger
Event: 2185.488 Loading class jdk/internal/module/IllegalAccessLogger done
Event: 2512.017 Loading class jdk/internal/module/IllegalAccessLogger
Event: 2512.020 Loading class jdk/internal/module/IllegalAccessLogger done
Event: 2567.853 Loading class jdk/internal/module/IllegalAccessLogger
Event: 2567.855 Loading class jdk/internal/module/IllegalAccessLogger done
Event: 2576.650 Loading class java/util/SimpleTimeZone
Event: 2576.655 Loading class java/util/SimpleTimeZone done
Event: 2576.656 Loading class java/time/zone/ZoneRulesException
Event: 2576.657 Loading class java/time/zone/ZoneRulesException done
Event: 2576.660 Loading class javax/xml/datatype/DatatypeConfigurationException
Event: 2576.662 Loading class javax/xml/datatype/DatatypeConfigurationException done
Event: 2889.821 Loading class java/util/concurrent/CompletableFuture$UniWhenComplete
Event: 2889.828 Loading class java/util/concurrent/CompletableFuture$UniCompletion
Event: 2889.829 Loading class java/util/concurrent/CompletableFuture$UniCompletion done
Event: 2889.829 Loading class java/util/concurrent/CompletableFuture$UniWhenComplete done
Event: 2889.831 Loading class java/util/concurrent/CompletableFuture$UniCompose
Event: 2889.837 Loading class java/util/concurrent/CompletableFuture$UniCompose done

Classes unloaded (20 events):
Event: 2950.709 Thread 0x0000027f9db036a0 Unloading class 0x0000027f9f342000 'java/lang/invoke/LambdaForm$MH+0x0000027f9f342000'
Event: 2950.709 Thread 0x0000027f9db036a0 Unloading class 0x0000027f9f34c000 'java/lang/invoke/LambdaForm$MH+0x0000027f9f34c000'
Event: 2950.709 Thread 0x0000027f9db036a0 Unloading class 0x0000027f9f38a000 'java/lang/invoke/LambdaForm$MH+0x0000027f9f38a000'
Event: 2950.710 Thread 0x0000027f9db036a0 Unloading class 0x0000027f9f38b000 'java/lang/invoke/LambdaForm$MH+0x0000027f9f38b000'
Event: 2950.710 Thread 0x0000027f9db036a0 Unloading class 0x0000027f9f391800 'java/lang/invoke/LambdaForm$MH+0x0000027f9f391800'
Event: 2950.710 Thread 0x0000027f9db036a0 Unloading class 0x0000027f9f3a5400 'java/lang/invoke/LambdaForm$MH+0x0000027f9f3a5400'
Event: 2950.710 Thread 0x0000027f9db036a0 Unloading class 0x0000027f9f3aa400 'java/lang/invoke/LambdaForm$MH+0x0000027f9f3aa400'
Event: 2950.710 Thread 0x0000027f9db036a0 Unloading class 0x0000027f9f3b0000 'java/lang/invoke/LambdaForm$MH+0x0000027f9f3b0000'
Event: 2950.711 Thread 0x0000027f9db036a0 Unloading class 0x0000027f9f3b1400 'java/lang/invoke/LambdaForm$MH+0x0000027f9f3b1400'
Event: 2950.711 Thread 0x0000027f9db036a0 Unloading class 0x0000027f9f3c5800 'java/lang/invoke/LambdaForm$MH+0x0000027f9f3c5800'
Event: 2950.711 Thread 0x0000027f9db036a0 Unloading class 0x0000027f9f3c8800 'java/lang/invoke/LambdaForm$MH+0x0000027f9f3c8800'
Event: 2950.712 Thread 0x0000027f9db036a0 Unloading class 0x0000027f9f3c9000 'java/lang/invoke/LambdaForm$MH+0x0000027f9f3c9000'
Event: 2950.712 Thread 0x0000027f9db036a0 Unloading class 0x0000027f9f3c9800 'java/lang/invoke/LambdaForm$MH+0x0000027f9f3c9800'
Event: 2950.712 Thread 0x0000027f9db036a0 Unloading class 0x0000027f9f3ca400 'java/lang/invoke/LambdaForm$MH+0x0000027f9f3ca400'
Event: 2950.712 Thread 0x0000027f9db036a0 Unloading class 0x0000027f9f3cb000 'java/lang/invoke/LambdaForm$MH+0x0000027f9f3cb000'
Event: 2950.712 Thread 0x0000027f9db036a0 Unloading class 0x0000027f9f3d1800 'java/lang/invoke/LambdaForm$MH+0x0000027f9f3d1800'
Event: 2950.712 Thread 0x0000027f9db036a0 Unloading class 0x0000027f9f3d2400 'java/lang/invoke/LambdaForm$MH+0x0000027f9f3d2400'
Event: 2950.712 Thread 0x0000027f9db036a0 Unloading class 0x0000027f9f41b800 'java/lang/invoke/LambdaForm$MH+0x0000027f9f41b800'
Event: 2950.713 Thread 0x0000027f9db036a0 Unloading class 0x0000027f9f420400 'java/lang/invoke/LambdaForm$MH+0x0000027f9f420400'
Event: 2950.713 Thread 0x0000027f9db036a0 Unloading class 0x0000027f9fa9c000 'jdk/internal/reflect/GeneratedMethodAccessor160'

Classes redefined (0 events):
No events

Internal exceptions (20 events):
Event: 2959.111 Thread 0x0000027fee2b4fa0 Exception <a 'sun/nio/fs/WindowsException'{0x00000000abb7b470}> (0x00000000abb7b470) 
thrown [s\src\hotspot\share\prims\jni.cpp, line 516]
Event: 2959.112 Thread 0x0000027fee2b4fa0 Exception <a 'sun/nio/fs/WindowsException'{0x00000000abb7b730}> (0x00000000abb7b730) 
thrown [s\src\hotspot\share\prims\jni.cpp, line 516]
Event: 3004.298 Thread 0x0000027fe625b020 Exception <a 'java/net/BindException'{0x00000000aa21ca48}: Address already in use: bind> (0x00000000aa21ca48) 
thrown [s\src\hotspot\share\prims\jni.cpp, line 535]
Event: 3004.303 Thread 0x0000027fe625b020 Exception <a 'java/net/SocketException'{0x00000000aa21cd80}: Socket is not connected: shutdown> (0x00000000aa21cd80) 
thrown [s\src\hotspot\share\prims\jni.cpp, line 535]
Event: 3004.328 Thread 0x0000027fee2b4fa0 Exception <a 'sun/nio/fs/WindowsException'{0x00000000a9fe03b8}> (0x00000000a9fe03b8) 
thrown [s\src\hotspot\share\prims\jni.cpp, line 516]
Event: 3004.349 Thread 0x0000027fee2b4fa0 Exception <a 'sun/nio/fs/WindowsException'{0x00000000a9de6208}> (0x00000000a9de6208) 
thrown [s\src\hotspot\share\prims\jni.cpp, line 516]
Event: 3004.351 Thread 0x0000027fee2b4fa0 Exception <a 'sun/nio/fs/WindowsException'{0x00000000a9de81e0}> (0x00000000a9de81e0) 
thrown [s\src\hotspot\share\prims\jni.cpp, line 516]
Event: 3004.374 Thread 0x0000027fee2b4fa0 Exception <a 'sun/nio/fs/WindowsException'{0x00000000a97e18c0}> (0x00000000a97e18c0) 
thrown [s\src\hotspot\share\prims\jni.cpp, line 516]
Event: 3004.375 Thread 0x0000027fee2b4fa0 Exception <a 'sun/nio/fs/WindowsException'{0x00000000a97e1c28}> (0x00000000a97e1c28) 
thrown [s\src\hotspot\share\prims\jni.cpp, line 516]
Event: 3004.376 Thread 0x0000027fee2b4fa0 Exception <a 'sun/nio/fs/WindowsException'{0x00000000a97e2968}> (0x00000000a97e2968) 
thrown [s\src\hotspot\share\prims\jni.cpp, line 516]
Event: 3004.378 Thread 0x0000027fee2b4fa0 Exception <a 'sun/nio/fs/WindowsException'{0x00000000a97e4e68}> (0x00000000a97e4e68) 
thrown [s\src\hotspot\share\prims\jni.cpp, line 516]
Event: 3004.378 Thread 0x0000027fee2b4fa0 Exception <a 'sun/nio/fs/WindowsException'{0x00000000a97e5138}> (0x00000000a97e5138) 
thrown [s\src\hotspot\share\prims\jni.cpp, line 516]
Event: 3004.380 Thread 0x0000027fee2b4fa0 Exception <a 'sun/nio/fs/WindowsException'{0x00000000a97e57c8}> (0x00000000a97e57c8) 
thrown [s\src\hotspot\share\prims\jni.cpp, line 516]
Event: 3004.381 Thread 0x0000027fee2b4fa0 Exception <a 'sun/nio/fs/WindowsException'{0x00000000a97e5a08}> (0x00000000a97e5a08) 
thrown [s\src\hotspot\share\prims\jni.cpp, line 516]
Event: 3004.381 Thread 0x0000027fee2b4fa0 Exception <a 'sun/nio/fs/WindowsException'{0x00000000a97e6090}> (0x00000000a97e6090) 
thrown [s\src\hotspot\share\prims\jni.cpp, line 516]
Event: 3004.381 Thread 0x0000027fee2b4fa0 Exception <a 'sun/nio/fs/WindowsException'{0x00000000a97e62c0}> (0x00000000a97e62c0) 
thrown [s\src\hotspot\share\prims\jni.cpp, line 516]
Event: 3004.381 Thread 0x0000027fee2b4fa0 Exception <a 'sun/nio/fs/WindowsException'{0x00000000a97e6978}> (0x00000000a97e6978) 
thrown [s\src\hotspot\share\prims\jni.cpp, line 516]
Event: 3004.382 Thread 0x0000027fee2b4fa0 Exception <a 'sun/nio/fs/WindowsException'{0x00000000a97e6c38}> (0x00000000a97e6c38) 
thrown [s\src\hotspot\share\prims\jni.cpp, line 516]
Event: 3004.693 Thread 0x0000027fe625b020 Exception <a 'java/net/BindException'{0x00000000a4d8d6b8}: Address already in use: bind> (0x00000000a4d8d6b8) 
thrown [s\src\hotspot\share\prims\jni.cpp, line 535]
Event: 3004.693 Thread 0x0000027fe625b020 Exception <a 'java/net/SocketException'{0x00000000a4d8d9f0}: Socket is not connected: shutdown> (0x00000000a4d8d9f0) 
thrown [s\src\hotspot\share\prims\jni.cpp, line 535]

VM Operations (20 events):
Event: 2998.623 Executing VM operation: G1CollectForAllocation
Event: 2998.680 Executing VM operation: G1CollectForAllocation done
Event: 2999.580 Executing VM operation: G1PauseRemark
Event: 2999.787 Executing VM operation: G1PauseRemark done
Event: 2999.844 Executing VM operation: G1PauseCleanup
Event: 2999.846 Executing VM operation: G1PauseCleanup done
Event: 3003.866 Executing VM operation: Cleanup
Event: 3003.866 Executing VM operation: Cleanup done
Event: 3004.288 Executing VM operation: ThreadDump
Event: 3004.290 Executing VM operation: ThreadDump done
Event: 3004.679 Executing VM operation: ThreadDump
Event: 3004.680 Executing VM operation: ThreadDump done
Event: 3005.686 Executing VM operation: Cleanup
Event: 3005.967 Executing VM operation: Cleanup done
Event: 3006.341 Executing VM operation: HandshakeAllThreads
Event: 3006.517 Executing VM operation: HandshakeAllThreads done
Event: 3007.531 Executing VM operation: Cleanup
Event: 3007.598 Executing VM operation: Cleanup done
Event: 3007.610 Executing VM operation: G1CollectForAllocation
Event: 3007.690 Executing VM operation: G1CollectForAllocation done

Events (20 events):
Event: 2954.051 Thread 0x0000027f9db39540 flushing nmethod 0x0000027f951b8f10
Event: 2954.053 Thread 0x0000027f9db39540 flushing nmethod 0x0000027f95334590
Event: 2954.055 Thread 0x0000027f9db39540 flushing nmethod 0x0000027f95427610
Event: 2954.055 Thread 0x0000027f9db39540 flushing nmethod 0x0000027f95428310
Event: 2954.061 Thread 0x0000027f9db39540 flushing nmethod 0x0000027f9588d810
Event: 2954.067 Thread 0x0000027f9db39540 flushing nmethod 0x0000027f95bf1210
Event: 3004.292 Thread 0x0000027fee2b5ed0 Thread exited: 0x0000027fee2b5ed0
Event: 3004.292 Thread 0x0000027fee2b6e00 Thread exited: 0x0000027fee2b6e00
Event: 3004.292 Thread 0x0000027fee2b54b0 Thread exited: 0x0000027fee2b54b0
Event: 3004.295 Thread 0x0000027fec4e5ad0 Thread added: 0x0000027fec4e5ad0
Event: 3004.309 Thread 0x0000027fec4e3760 Thread added: 0x0000027fec4e3760
Event: 3004.328 Thread 0x0000027fec4e5fe0 Thread added: 0x0000027fec4e5fe0
Event: 3004.328 Thread 0x0000027fec4e64f0 Thread added: 0x0000027fec4e64f0
Event: 3004.329 Thread 0x0000027fec4e2d40 Thread added: 0x0000027fec4e2d40
Event: 3004.330 Thread 0x0000027fec4e3c70 Thread added: 0x0000027fec4e3c70
Event: 3004.691 Thread 0x0000027fec4e4690 Thread added: 0x0000027fec4e4690
Event: 3004.693 Thread 0x0000027fec4e9280 Thread added: 0x0000027fec4e9280
Event: 3004.886 Thread 0x0000027fec4ea1b0 Thread added: 0x0000027fec4ea1b0
Event: 3004.889 Thread 0x0000027fec4e8350 Thread added: 0x0000027fec4e8350
Event: 3005.471 Thread 0x0000027fe7bab020 Thread added: 0x0000027fe7bab020


Dynamic libraries:
0x00007ff74fbc0000 - 0x00007ff74fbce000 	C:\Program Files\Amazon Corretto\jdk17.0.12_7\bin\java.exe
0x00007ff980ba0000 - 0x00007ff980e08000 	C:\WINDOWS\SYSTEM32\ntdll.dll
0x00007ff97f730000 - 0x00007ff97f7f9000 	C:\WINDOWS\System32\KERNEL32.DLL
0x00007ff97e2c0000 - 0x00007ff97e6b2000 	C:\WINDOWS\System32\KERNELBASE.dll
0x00007ff97e6f0000 - 0x00007ff97e83b000 	C:\WINDOWS\System32\ucrtbase.dll
0x00007ff94e650000 - 0x00007ff94e66b000 	C:\Program Files\Amazon Corretto\jdk17.0.12_7\bin\VCRUNTIME140.dll
0x00007ff94b7e0000 - 0x00007ff94b7f7000 	C:\Program Files\Amazon Corretto\jdk17.0.12_7\bin\jli.dll
0x00007ff97ed00000 - 0x00007ff97eec5000 	C:\WINDOWS\System32\USER32.dll
0x00007ff97e6c0000 - 0x00007ff97e6e7000 	C:\WINDOWS\System32\win32u.dll
0x00007ff97f100000 - 0x00007ff97f12b000 	C:\WINDOWS\System32\GDI32.dll
0x00007ff97e840000 - 0x00007ff97e96d000 	C:\WINDOWS\System32\gdi32full.dll
0x00007ff97e0e0000 - 0x00007ff97e183000 	C:\WINDOWS\System32\msvcp_win.dll
0x00007ff967400000 - 0x00007ff967693000 	C:\WINDOWS\WinSxS\amd64_microsoft.windows.common-controls_6595b64144ccf1df_6.0.26100.6899_none_3e0efeeae32e88c1\COMCTL32.dll
0x00007ff97f800000 - 0x00007ff97f8a9000 	C:\WINDOWS\System32\msvcrt.dll
0x00007ff97f0c0000 - 0x00007ff97f0ef000 	C:\WINDOWS\System32\IMM32.DLL
0x00007ff977930000 - 0x00007ff97793c000 	C:\Program Files\Amazon Corretto\jdk17.0.12_7\bin\vcruntime140_1.dll
0x00007ff933d90000 - 0x00007ff933e1d000 	C:\Program Files\Amazon Corretto\jdk17.0.12_7\bin\msvcp140.dll
0x00007ff933120000 - 0x00007ff933d8a000 	C:\Program Files\Amazon Corretto\jdk17.0.12_7\bin\server\jvm.dll
0x00007ff980760000 - 0x00007ff980814000 	C:\WINDOWS\System32\ADVAPI32.dll
0x00007ff980270000 - 0x00007ff980316000 	C:\WINDOWS\System32\sechost.dll
0x00007ff980830000 - 0x00007ff980948000 	C:\WINDOWS\System32\RPCRT4.dll
0x00007ff9803a0000 - 0x00007ff980414000 	C:\WINDOWS\System32\WS2_32.dll
0x00007ff97dbb0000 - 0x00007ff97dc0e000 	C:\WINDOWS\SYSTEM32\POWRPROF.dll
0x00007ff96e670000 - 0x00007ff96e67b000 	C:\WINDOWS\SYSTEM32\VERSION.dll
0x00007ff9679b0000 - 0x00007ff9679e5000 	C:\WINDOWS\SYSTEM32\WINMM.dll
0x00007ff97db90000 - 0x00007ff97dba4000 	C:\WINDOWS\SYSTEM32\UMPDC.dll
0x00007ff97cad0000 - 0x00007ff97caeb000 	C:\WINDOWS\SYSTEM32\kernel.appcore.dll
0x00007ff96b530000 - 0x00007ff96b53a000 	C:\Program Files\Amazon Corretto\jdk17.0.12_7\bin\jimage.dll
0x00007ff97b410000 - 0x00007ff97b652000 	C:\WINDOWS\SYSTEM32\DBGHELP.DLL
0x00007ff97e970000 - 0x00007ff97eceb000 	C:\WINDOWS\System32\combase.dll
0x00007ff97eed0000 - 0x00007ff97efa7000 	C:\WINDOWS\System32\OLEAUT32.dll
0x00007ff9697c0000 - 0x00007ff9697fc000 	C:\WINDOWS\SYSTEM32\dbgcore.DLL
0x00007ff97e220000 - 0x00007ff97e2b8000 	C:\WINDOWS\System32\bcryptPrimitives.dll
0x00007ff9608a0000 - 0x00007ff9608ae000 	C:\Program Files\Amazon Corretto\jdk17.0.12_7\bin\instrument.dll
0x00007ff9673d0000 - 0x00007ff9673f5000 	C:\Program Files\Amazon Corretto\jdk17.0.12_7\bin\java.dll
0x00007ff95bcf0000 - 0x00007ff95bd2b000 	C:\Program Files\Amazon Corretto\jdk17.0.12_7\bin\jdwp.dll
0x00007ff933f10000 - 0x00007ff933fe7000 	C:\Program Files\Amazon Corretto\jdk17.0.12_7\bin\jsvml.dll
0x00007ff97f8b0000 - 0x00007ff97fffd000 	C:\WINDOWS\System32\SHELL32.dll
0x00007ff97dd30000 - 0x00007ff97de9b000 	C:\WINDOWS\System32\wintypes.dll
0x00007ff97b960000 - 0x00007ff97c1bd000 	C:\WINDOWS\SYSTEM32\windows.storage.dll
0x00007ff97f1a0000 - 0x00007ff97f292000 	C:\WINDOWS\System32\SHCORE.dll
0x00007ff97f130000 - 0x00007ff97f192000 	C:\WINDOWS\System32\shlwapi.dll
0x00007ff97dc50000 - 0x00007ff97dc79000 	C:\WINDOWS\SYSTEM32\profapi.dll
0x00007ff94b7c0000 - 0x00007ff94b7d8000 	C:\Program Files\Amazon Corretto\jdk17.0.12_7\bin\zip.dll
0x00007ff96b510000 - 0x00007ff96b529000 	C:\Program Files\Amazon Corretto\jdk17.0.12_7\bin\net.dll
0x00007ff96de60000 - 0x00007ff96df7f000 	C:\WINDOWS\SYSTEM32\WINHTTP.dll
0x00007ff97d070000 - 0x00007ff97d0db000 	C:\WINDOWS\system32\mswsock.dll
0x00007ff96ad90000 - 0x00007ff96ada6000 	C:\Program Files\Amazon Corretto\jdk17.0.12_7\bin\nio.dll
0x00007ff95bea0000 - 0x00007ff95beac000 	C:\Program Files\Amazon Corretto\jdk17.0.12_7\bin\dt_socket.dll
0x00007ff97c4c0000 - 0x00007ff97c4f4000 	C:\WINDOWS\SYSTEM32\IPHLPAPI.DLL
0x00007ff97c550000 - 0x00007ff97c676000 	C:\WINDOWS\SYSTEM32\DNSAPI.dll
0x00007ff980820000 - 0x00007ff98082a000 	C:\WINDOWS\System32\NSI.dll
0x00007ff96b1b0000 - 0x00007ff96b1bb000 	C:\Windows\System32\rasadhlp.dll
0x00007ff96c560000 - 0x00007ff96c5e6000 	C:\WINDOWS\System32\fwpuclnt.dll
0x00007ff945b40000 - 0x00007ff945b50000 	C:\Program Files\Amazon Corretto\jdk17.0.12_7\bin\verify.dll
0x00007ff97d320000 - 0x00007ff97d33b000 	C:\WINDOWS\SYSTEM32\CRYPTSP.dll
0x00007ff97ca30000 - 0x00007ff97ca6b000 	C:\WINDOWS\system32\rsaenh.dll
0x00007ff97d110000 - 0x00007ff97d13b000 	C:\WINDOWS\SYSTEM32\USERENV.dll
0x00007ff97dc20000 - 0x00007ff97dc46000 	C:\WINDOWS\SYSTEM32\bcrypt.dll
0x00007ff97d340000 - 0x00007ff97d34c000 	C:\WINDOWS\SYSTEM32\CRYPTBASE.dll
0x00007ff96e6b0000 - 0x00007ff96e6ce000 	C:\WINDOWS\SYSTEM32\dhcpcsvc6.DLL
0x00007ff96e680000 - 0x00007ff96e6a3000 	C:\WINDOWS\SYSTEM32\dhcpcsvc.DLL
0x00007ff95beb0000 - 0x00007ff95bed4000 	C:\Users\prath\.m2\wrapper\dists\apache-maven-3.9.11\03d7e36a140982eea48e22c1dcac01d8862b2550b2939e09a0809bbc5182a5bc\lib\jansi-native\Windows\x86_64\jansi.dll
0x00007ff945b50000 - 0x00007ff945b59000 	C:\Program Files\Amazon Corretto\jdk17.0.12_7\bin\management.dll
0x00007ff9459d0000 - 0x00007ff9459db000 	C:\Program Files\Amazon Corretto\jdk17.0.12_7\bin\management_ext.dll
0x00007ff97ecf0000 - 0x00007ff97ecf8000 	C:\WINDOWS\System32\PSAPI.DLL
0x00007ff9459c0000 - 0x00007ff9459ce000 	C:\Program Files\Amazon Corretto\jdk17.0.12_7\bin\sunmscapi.dll
0x00007ff97dea0000 - 0x00007ff97e017000 	C:\WINDOWS\System32\CRYPT32.dll
0x00007ff97d540000 - 0x00007ff97d570000 	C:\WINDOWS\SYSTEM32\ncrypt.dll
0x00007ff97d4f0000 - 0x00007ff97d52f000 	C:\WINDOWS\SYSTEM32\NTASN1.dll
0x00007ff94fc00000 - 0x00007ff94fc08000 	C:\WINDOWS\system32\wshunix.dll
0x00007ff966340000 - 0x00007ff966349000 	C:\Program Files\Amazon Corretto\jdk17.0.12_7\bin\extnet.dll
0x00007ff955950000 - 0x00007ff955968000 	C:\WINDOWS\system32\napinsp.dll
0x00007ff9467f0000 - 0x00007ff946802000 	C:\WINDOWS\System32\winrnr.dll
0x00007ff9467c0000 - 0x00007ff9467e8000 	C:\WINDOWS\system32\nlansp_c.dll
0x00007ff96d590000 - 0x00007ff96d5a6000 	C:\WINDOWS\system32\wshbth.dll

dbghelp: loaded successfully - version: 4.0.5 - missing functions: none
symbol engine: initialized successfully - sym options: 0x614 - pdb path: .;C:\Program Files\Amazon Corretto\jdk17.0.12_7\bin;C:\WINDOWS\SYSTEM32;C:\WINDOWS\WinSxS\amd64_microsoft.windows.common-controls_6595b64144ccf1df_6.0.26100.6899_none_3e0efeeae32e88c1;C:\Program Files\Amazon Corretto\jdk17.0.12_7\bin\server;C:\Users\prath\.m2\wrapper\dists\apache-maven-3.9.11\03d7e36a140982eea48e22c1dcac01d8862b2550b2939e09a0809bbc5182a5bc\lib\jansi-native\Windows\x86_64

VM Arguments:
jvm_args: -Dquarkus-internal.serialized-app-model.path=C:\Z_CP\BuildWorkingRef\ecom-backend\target\quarkus\bootstrap\dev-app-model.dat -javaagent:C:\Users\prath\.m2\repository\io\quarkus\quarkus-class-change-agent\3.28.5\quarkus-class-change-agent-3.28.5.jar -XX:TieredStopAtLevel=1 -agentlib:jdwp=transport=dt_socket,address=localhost:5005,server=y,suspend=n -Djava.util.logging.manager=org.jboss.logmanager.LogManager 
java_command: C:\Z_CP\BuildWorkingRef\ecom-backend\target\ecommerce-backend-dev.jar
java_class_path (initial): C:\Z_CP\BuildWorkingRef\ecom-backend\target\ecommerce-backend-dev.jar
Launcher Type: SUN_STANDARD

[Global flags]
     intx CICompilerCount                          = 4                                         {product} {ergonomic}
     uint ConcGCThreads                            = 2                                         {product} {ergonomic}
     uint G1ConcRefinementThreads                  = 8                                         {product} {ergonomic}
   size_t G1HeapRegionSize                         = 1048576                                   {product} {ergonomic}
    uintx GCDrainStackTargetSize                   = 64                                        {product} {ergonomic}
   size_t InitialHeapSize                          = 134217728                                 {product} {ergonomic}
   size_t MarkStackSize                            = 4194304                                   {product} {ergonomic}
   size_t MaxHeapSize                              = 2116026368                                {product} {ergonomic}
   size_t MaxNewSize                               = 1268776960                                {product} {ergonomic}
   size_t MinHeapDeltaBytes                        = 1048576                                   {product} {ergonomic}
   size_t MinHeapSize                              = 8388608                                   {product} {ergonomic}
    uintx NonProfiledCodeHeapSize                  = 0                                      {pd product} {ergonomic}
     bool ProfileInterpreter                       = false                                  {pd product} {command line}
    uintx ProfiledCodeHeapSize                     = 0                                      {pd product} {ergonomic}
   size_t SoftMaxHeapSize                          = 2116026368                             {manageable} {ergonomic}
     intx TieredStopAtLevel                        = 1                                         {product} {command line}
     bool UseCompressedClassPointers               = true                           {product lp64_product} {ergonomic}
     bool UseCompressedOops                        = true                           {product lp64_product} {ergonomic}
     bool UseG1GC                                  = true                                      {product} {ergonomic}
     bool UseLargePagesIndividualAllocation        = false                                  {pd product} {ergonomic}

Logging:
Log output configuration:
 #0: stdout all=warning uptime,level,tags
 #1: stderr all=off uptime,level,tags

Environment Variables:
JAVA_HOME=C:\Program Files\Amazon Corretto\jdk17.0.12_7
PATH=C:\Program Files\Amazon Corretto\jdk17.0.12_7\bin;C:\Program Files\Amazon Corretto\jdk11.0.17_8;C:\Program Files\Amazon Corretto\jdk11.0.23_9\bin;C:\Program Files\Java\jdk-21\bin;C:\Program Files\Common Files\Oracle\Java\javapath;C:\Program Files\Amazon Corretto\jdk1.8.0_392\bin;C:\Python312\Scripts\;C:\Python312\;C:\WINDOWS\system32;C:\WINDOWS;C:\WINDOWS\System32\Wbem;C:\WINDOWS\System32\WindowsPowerShell\v1.0\;C:\WINDOWS\System32\OpenSSH\;C:\ProgramData\chocolatey\bin;C:\Program Files\Git\cmd;C:\Users\prath\AppData\Local\Pub\Cache\bin;C:\Test\apktool\;C:\Program Files\dotnet\;C:\Program Files\Docker\Docker\resources\bin;C:\Users\prath\AppData\Local\nvm;C:\nvm4w\nodejs;C:\Program Files\MySQL\MySQL Shell 8.0\bin\;C:\flutter\flutter\bin;C:\Users\prath\AppData\Local\Programs\Python\Python311\Scripts\;C:\Users\prath\AppData\Local\Programs\Python\Python311\;C:\Users\prath\AppData\Local\Microsoft\WindowsApps;C:\Users\prath\AppData\Local\Programs\Microsoft VS Code\bin;C:\Program Files\JetBrains\PyCharm Community Edition 2022.3.1\bin;;C:\Users\prath\AppData\Roaming\npm;C:\msys64\ucrt64\bin;C:\Users\prath\AppData\Local\nvm;C:\nvm4w\nodejs;C:\Program Files\JetBrains\WebStorm 2025.2.3\bin
USERNAME=prath
OS=Windows_NT
PROCESSOR_IDENTIFIER=Intel64 Family 6 Model 142 Stepping 12, GenuineIntel
TMP=C:\Users\prath\AppData\Local\Temp
TEMP=C:\Users\prath\AppData\Local\Temp



Periodic native trim disabled


---------------  S Y S T E M  ---------------

OS:
 Windows 11 , 64 bit Build 26100 (10.0.26100.6725)
OS uptime: 3 days 22:31 hours
Hyper-V role detected

CPU: total 8 (initial active 8) (4 cores per cpu, 2 threads per core) family 6 model 142 stepping 12 microcode 0xf8, cx8, cmov, fxsr, ht, mmx, 3dnowpref, sse, sse2, sse3, ssse3, sse4.1, sse4.2, popcnt, lzcnt, tsc, tscinvbit, avx, avx2, aes, erms, clmul, bmi1, bmi2, adx, fma, vzeroupper, clflush, clflushopt, hv
Processor Information for all 8 processors :
  Max Mhz: 1800, Current Mhz: 1600, Mhz Limit: 1584

Memory: 4k page, system-wide physical 8067M (409M free)
TotalPageFile size 32643M (AvailPageFile size 698M)
current process WorkingSet (physical memory assigned to process): 802M, peak: 845M
current process commit charge ("private bytes"): 1344M, peak: 1344M

vm_info: OpenJDK 64-Bit Server VM (17.0.12+7-LTS) for windows-amd64 JRE (17.0.12+7-LTS), built on Jul 10 2024 20:46:33 by "Administrator" with MS VC++ 16.10 / 16.11 (VS2019)

END.
